EquipmentID,EquipmentType,SiteName,CustomerName,Region,LastInspectionDate,NextDueDate,DaysOverdue
746,"Emergency Lighting","Novak PLC - Gibsonmouth Site","Novak PLC",Prairies,,2020-01-20,2353
966,"Emergency Lighting","Smith, Montoya and Evans - Port Amber Site","Smith, Montoya and Evans",Atlantic,,2020-02-04,2338
549,"Gas Detector","Powell LLC - East Laurashire Site","Powell LLC",Prairies,,2020-02-08,2334
1242,"Fire Extinguisher","Patton-Jenkins - Claudiashire Site",Patton-Jenkins,"British Columbia",,2020-02-17,2325
436,"SCBA Unit","Jones Inc - North Johnny Site","Jones Inc",Ontario,,2020-02-18,2324
619,"Emergency Lighting","Novak and Sons - South Christopherview Site","Novak and Sons",Quebec,,2020-02-18,2324
435,"Eyewash Station","Jones Inc - North Johnny Site","Jones Inc",Ontario,,2020-03-05,2308
146,"Gas Detector","Smith-Bowen - Ramseymouth Site",Smith-Bowen,"British Columbia",,2020-03-28,2285
464,"Fire Alarm Panel","Jones-Young - East Davidchester Site",Jones-Young,Ontario,,2020-04-17,2265
301,"SCBA Unit","Spence PLC - Sanchezmouth Site","Spence PLC",Ontario,,2020-04-26,2256
179,"Emergency Lighting","Baker, Mason and White - Kingland Site","Baker, Mason and White",Ontario,,2020-05-05,2247
157,"Exit Sign","Smith-Bowen - Taylormouth Site",Smith-Bowen,"British Columbia",,2020-05-07,2245
1284,"Fire Alarm Panel","Torres-Pope - Morganmouth Site",Torres-Pope,Atlantic,,2020-05-19,2233
1296,"SCBA Unit","Walker Ltd - Jonesland Site","Walker Ltd","British Columbia",,2020-05-22,2230
208,"SCBA Unit","Romero, Gonzalez and Brooks - East David Site","Romero, Gonzalez and Brooks","British Columbia",,2020-06-03,2218
644,"Emergency Lighting","Hancock Inc - Wolfborough Site","Hancock Inc",Atlantic,,2020-06-04,2217
851,"Fire Extinguisher","Donovan-Harris - West Lauraport Site",Donovan-Harris,Ontario,,2020-06-04,2217
540,"Exit Sign","Brown, Valdez and Lucas - South Danny Site","Brown, Valdez and Lucas",Atlantic,,2020-07-07,2184
742,"SCBA Unit","Novak PLC - Reedside Site","Novak PLC",Prairies,,2020-08-25,2135
1036,"Sprinkler System","Harris-Walters - South Angel Site",Harris-Walters,Quebec,,2020-09-02,2127
1229,"Sprinkler System","Johnson-Doyle - West Charleneland Site",Johnson-Doyle,"British Columbia",,2020-09-08,2121
568,"Emergency Lighting","Powell LLC - Benderhaven Site","Powell LLC",Prairies,,2020-10-03,2096
1281,"Fire Alarm Panel","Torres-Pope - Morganmouth Site",Torres-Pope,Atlantic,,2020-10-05,2094
246,"Emergency Lighting","George Group - Port Tonyaton Site","George Group","British Columbia",,2020-11-20,2048
1567,"Sprinkler System","Lewis, Kennedy and Santana - Lake Michelleland Site","Lewis, Kennedy and Santana",Atlantic,,2020-12-17,2021
1164,"Eyewash Station","Mckee, Gardner and Davenport - North Donna Site","Mckee, Gardner and Davenport",Prairies,,2020-12-25,2013
1362,"SCBA Unit","White-Estes - Michaelburgh Site",White-Estes,"British Columbia",,2021-01-06,2001
602,"Emergency Lighting","Morton-Chase - Waltersfort Site",Morton-Chase,"British Columbia",,2021-01-16,1991
1073,"Gas Detector","Davis Group - New Derek Site","Davis Group","British Columbia",,2021-01-21,1986
675,"Sprinkler System","Gray Group - Davisville Site","Gray Group",Quebec,,2021-02-01,1975
722,"Gas Detector","Stanley, Tucker and Lee - Morganhaven Site","Stanley, Tucker and Lee",Quebec,,2021-02-23,1953
802,"Sprinkler System","Jones Inc - Cindyfurt Site","Jones Inc",Quebec,,2021-03-11,1937
1107,"Eyewash Station","Walsh LLC - Corystad Site","Walsh LLC",Atlantic,,2021-03-17,1931
910,"Eyewash Station","Smith PLC - Castanedaville Site","Smith PLC",Quebec,,2021-03-20,1928
1270,"Exit Sign","Gonzalez Group - South Shannon Site","Gonzalez Group",Atlantic,,2021-04-20,1897
1622,"Exit Sign","Gibson Ltd - Erikaton Site","Gibson Ltd",Quebec,,2021-04-22,1895
862,"Eyewash Station","Donovan-Harris - Knightburgh Site",Donovan-Harris,Ontario,,2021-05-19,1868
276,"Gas Detector","Allen-Allen - Christinaside Site",Allen-Allen,Atlantic,,2021-06-01,1855
125,"SCBA Unit","Dyer, Potter and Mack - Castanedachester Site","Dyer, Potter and Mack","British Columbia",,2021-06-22,1834
462,"Eyewash Station","Jones-Young - East Edwardshire Site",Jones-Young,Ontario,,2021-06-26,1830
258,"Gas Detector","Rodriguez LLC - Alexanderchester Site","Rodriguez LLC",Ontario,,2021-06-30,1826
1476,"Fire Extinguisher","Cortez LLC - Collierstad Site","Cortez LLC","British Columbia",,2021-07-05,1821
260,"Exit Sign","Rodriguez LLC - South Susanmouth Site","Rodriguez LLC",Ontario,,2021-07-06,1820
1244,"Eyewash Station","Patton-Jenkins - Claudiashire Site",Patton-Jenkins,"British Columbia",,2021-07-10,1816
1549,"Emergency Lighting","Lawson, Morris and Ramos - Jonesmouth Site","Lawson, Morris and Ramos",Quebec,,2021-07-11,1815
244,"Exit Sign","George Group - North Heidi Site","George Group","British Columbia",,2021-07-17,1809
1310,"Fire Extinguisher","Ross LLC - New Brian Site","Ross LLC",Ontario,,2021-07-27,1799
433,"Exit Sign","Jones Inc - Taylormouth Site","Jones Inc",Ontario,,2021-09-10,1754
850,"Gas Detector","Donovan-Harris - West Lauraport Site",Donovan-Harris,Ontario,,2021-09-21,1743
1593,"Exit Sign","Chambers and Sons - North Shannon Site","Chambers and Sons",Ontario,,2021-09-21,1743
1399,"Gas Detector","Chandler-Edwards - West Scottchester Site",Chandler-Edwards,Ontario,,2021-10-01,1733
1679,"SCBA Unit","Stafford Inc - West Kyleborough Site","Stafford Inc",Prairies,,2021-10-17,1717
790,"Exit Sign","Yu Inc - Smithberg Site","Yu Inc",Atlantic,,2021-11-08,1695
517,"Fire Extinguisher","Lee-Davis - Carterbury Site",Lee-Davis,"British Columbia",,2021-11-16,1687
874,"Emergency Lighting","Edwards, Baker and Anderson - South Roberta Site","Edwards, Baker and Anderson",Ontario,,2021-11-21,1682
1496,"Gas Detector","Cortez LLC - Warrenfurt Site","Cortez LLC","British Columbia",,2021-11-26,1677
1208,"Gas Detector","Wright, Garcia and Deleon - Stephentown Site","Wright, Garcia and Deleon",Atlantic,,2021-12-02,1671
616,"Eyewash Station","Novak and Sons - South Christopherview Site","Novak and Sons",Quebec,,2021-12-13,1660
111,"Eyewash Station","Frazier Inc - Smithstad Site","Frazier Inc",Quebec,,2021-12-18,1655
1583,"SCBA Unit","Jackson, Miller and Robertson - South Reginashire Site","Jackson, Miller and Robertson",Quebec,,2022-01-20,1622
1620,"SCBA Unit","Riggs PLC - Samanthafurt Site","Riggs PLC",Ontario,,2022-01-28,1614
919,"Fire Extinguisher","Ferrell, Jones and Lewis - Andrewfurt Site","Ferrell, Jones and Lewis",Quebec,,2022-02-13,1598
1385,"Emergency Lighting","Johnson-Carlson - West Larry Site",Johnson-Carlson,"British Columbia",,2022-02-13,1598
1519,"SCBA Unit","Bentley, Byrd and Orr - East Carrie Site","Bentley, Byrd and Orr",Atlantic,,2022-02-25,1586
1039,"Eyewash Station","Harris-Walters - South Angel Site",Harris-Walters,Quebec,,2022-03-01,1582
1406,"Exit Sign","Chandler-Edwards - Perryborough Site",Chandler-Edwards,Ontario,,2022-03-12,1571
1554,"Gas Detector","Lawson, Morris and Ramos - Laurashire Site","Lawson, Morris and Ramos",Quebec,,2022-03-24,1559
399,"Fire Extinguisher","Walker LLC - Tinaborough Site","Walker LLC",Ontario,,2022-04-24,1528
8,"Eyewash Station","Ellis, Baker and Wright - Robinsonhaven Site","Ellis, Baker and Wright",Atlantic,,2022-05-26,1496
645,"Exit Sign","Hancock Inc - Wolfborough Site","Hancock Inc",Atlantic,,2022-06-15,1476
354,"Eyewash Station","Harris, Collins and Carney - West Elizabeth Site","Harris, Collins and Carney","British Columbia",,2022-08-11,1419
1018,"Fire Extinguisher","Newton and Sons - Port Ralphview Site","Newton and Sons",Ontario,,2022-08-11,1419
373,"Fire Alarm Panel","Brooks, Lam and Hayes - Johnville Site","Brooks, Lam and Hayes","British Columbia",,2022-08-25,1405
699,"Exit Sign","Henderson-Bernard - Bairdbury Site",Henderson-Bernard,Quebec,,2022-08-31,1399
1091,"Eyewash Station","Williams-Cook - Crosbyview Site",Williams-Cook,"British Columbia",,2022-09-19,1380
1033,"Fire Extinguisher","Campbell-Clark - Carsonstad Site",Campbell-Clark,Quebec,,2022-09-22,1377
902,"Sprinkler System","Evans, Stewart and Walton - Daniellechester Site","Evans, Stewart and Walton",Prairies,,2022-09-25,1374
709,"Fire Extinguisher","Henderson-Bernard - South James Site",Henderson-Bernard,Quebec,,2022-10-18,1351
72,"Emergency Lighting","Burton Ltd - Patricialand Site","Burton Ltd",Quebec,,2022-10-22,1347
869,"Exit Sign","Edwards, Baker and Anderson - North Chelsea Site","Edwards, Baker and Anderson",Ontario,,2022-10-23,1346
1569,"Fire Extinguisher","Jackson, Miller and Robertson - Fordside Site","Jackson, Miller and Robertson",Quebec,,2022-11-15,1323
949,"Emergency Lighting","Moore-Bass - West Kristinaton Site",Moore-Bass,Quebec,,2022-11-22,1316
678,"Eyewash Station","Gray Group - Davisville Site","Gray Group",Quebec,,2022-12-21,1287
1498,"Exit Sign","Parker, Ortiz and Powell - Jeffreyburgh Site","Parker, Ortiz and Powell",Quebec,,2022-12-28,1280
176,"SCBA Unit","Baker, Mason and White - Matthewfurt Site","Baker, Mason and White",Ontario,,2022-12-31,1277
1105,"Fire Extinguisher","Walsh LLC - Corystad Site","Walsh LLC",Atlantic,,2023-01-16,1261
51,"Fire Extinguisher","Snyder, Campos and Callahan - Karenview Site","Snyder, Campos and Callahan","British Columbia",,2023-01-28,1249
120,"Fire Extinguisher","Dyer, Potter and Mack - Castanedachester Site","Dyer, Potter and Mack","British Columbia",,2023-01-29,1248
1375,"Gas Detector","Johnson-Carlson - South Robert Site",Johnson-Carlson,"British Columbia",,2023-02-09,1237
141,"Gas Detector","Smith-Bowen - Ramseymouth Site",Smith-Bowen,"British Columbia",,2023-02-19,1227
636,"Exit Sign","Russell Group - Cindyfort Site","Russell Group",Atlantic,,2023-02-24,1222
952,"Gas Detector","Moore-Bass - West Kristinaton Site",Moore-Bass,Quebec,,2023-03-22,1196
1099,"Fire Alarm Panel","Walsh LLC - Jeffmouth Site","Walsh LLC",Atlantic,,2023-03-24,1194
119,"Eyewash Station","Dyer, Potter and Mack - Castanedachester Site","Dyer, Potter and Mack","British Columbia",,2023-04-24,1163
1004,"Sprinkler System","Garcia, Humphrey and Baker - Port Erica Site","Garcia, Humphrey and Baker","British Columbia",,2023-05-28,1129
1577,"Sprinkler System","Jackson, Miller and Robertson - South Reginashire Site","Jackson, Miller and Robertson",Quebec,,2023-07-07,1089
785,"Emergency Lighting","Woods, Calhoun and Schmidt - Port Meganville Site","Woods, Calhoun and Schmidt",Ontario,,2023-07-11,1085
449,"Emergency Lighting","Jones-Young - Port Cameronfort Site",Jones-Young,Ontario,,2023-07-12,1084
1124,"Fire Alarm Panel","Figueroa PLC - Port Madisonland Site","Figueroa PLC",Quebec,,2023-07-24,1072
1015,"Fire Extinguisher","Newton and Sons - Port Ralphview Site","Newton and Sons",Ontario,,2023-08-06,1059
455,"SCBA Unit","Jones-Young - East Edwardshire Site",Jones-Young,Ontario,,2023-08-29,1036
1591,"Fire Alarm Panel","Chambers and Sons - North Shannon Site","Chambers and Sons",Ontario,,2023-09-08,1026
218,"Eyewash Station","Romero, Gonzalez and Brooks - New Staciemouth Site","Romero, Gonzalez and Brooks","British Columbia",,2023-09-12,1022
1634,"Eyewash Station","Gibson Ltd - Cameronville Site","Gibson Ltd",Quebec,,2023-09-29,1005
37,"Gas Detector","Ross, Robinson and Bright - Lake Michelle Site","Ross, Robinson and Bright",Atlantic,,2023-10-09,995
981,"Fire Alarm Panel","Smith, Montoya and Evans - Mariaview Site","Smith, Montoya and Evans",Atlantic,,2023-11-10,963
1672,"SCBA Unit","Stafford Inc - West Kyleborough Site","Stafford Inc",Prairies,,2023-11-10,963
1587,"SCBA Unit","Harvey, Davis and Crane - West Cassidy Site","Harvey, Davis and Crane",Prairies,,2023-12-02,941
1452,"Sprinkler System","Diaz Inc - Charleston Site","Diaz Inc",Atlantic,,2023-12-10,933
1187,"Sprinkler System","Nolan and Sons - Lake Brycemouth Site","Nolan and Sons","British Columbia",,2023-12-19,924
1404,"Fire Extinguisher","Chandler-Edwards - Perryborough Site",Chandler-Edwards,Ontario,,2024-01-03,909
888,"Exit Sign","Evans, Stewart and Walton - Elizabethmouth Site","Evans, Stewart and Walton",Prairies,,2024-01-09,903
321,"Fire Extinguisher","Martin, Rose and Obrien - New Stacyland Site","Martin, Rose and Obrien",Atlantic,,2024-02-07,874
30,"Gas Detector","Ross, Robinson and Bright - Rivasside Site","Ross, Robinson and Bright",Atlantic,,2024-02-26,855
413,"Emergency Lighting","Chapman and Sons - West Harry Site","Chapman and Sons",Atlantic,,2024-02-28,853
434,"Exit Sign","Jones Inc - Taylormouth Site","Jones Inc",Ontario,,2024-03-08,844
1081,"Fire Extinguisher","Williams-Cook - South Diana Site",Williams-Cook,"British Columbia",,2024-04-15,806
1540,"Eyewash Station","Lawson, Morris and Ramos - Michellemouth Site","Lawson, Morris and Ramos",Quebec,,2024-05-10,781
1617,"Eyewash Station","Riggs PLC - Samanthafurt Site","Riggs PLC",Ontario,,2024-05-28,763
1599,"Emergency Lighting","Chambers and Sons - Toniland Site","Chambers and Sons",Ontario,,2024-06-21,739
591,"Exit Sign","West, Henderson and Ramirez - Port Katelynfort Site","West, Henderson and Ramirez",Ontario,,2024-06-30,730
698,"Gas Detector","Henderson-Bernard - Bairdbury Site",Henderson-Bernard,Quebec,,2024-07-03,727
81,"Gas Detector","Carlson-Cruz - North Robert Site",Carlson-Cruz,Prairies,,2024-08-19,680
738,"Sprinkler System","Stanley, Tucker and Lee - Grimesmouth Site","Stanley, Tucker and Lee",Quebec,,2024-08-19,680
1630,"Sprinkler System","Gibson Ltd - Erikaton Site","Gibson Ltd",Quebec,,2024-09-24,644
1606,"Gas Detector","Chambers and Sons - North John Site","Chambers and Sons",Ontario,,2024-10-10,628
252,"Gas Detector","George Group - Stanleyland Site","George Group","British Columbia",,2024-10-24,614
1669,"Fire Extinguisher","Stafford Inc - Lake Ellenhaven Site","Stafford Inc",Prairies,,2024-11-12,595
1640,"SCBA Unit","Lee, Horton and Snyder - Mitchellberg Site","Lee, Horton and Snyder",Ontario,,2024-11-21,586
239,"Emergency Lighting","Ryan PLC - North Brittany Site","Ryan PLC",Prairies,,2024-11-26,581
935,"SCBA Unit","Suarez LLC - New Laurie Site","Suarez LLC",Atlantic,,2024-12-03,574
1096,"Emergency Lighting","Walsh LLC - Jeffmouth Site","Walsh LLC",Atlantic,,2024-12-09,568
124,"Gas Detector","Dyer, Potter and Mack - Castanedachester Site","Dyer, Potter and Mack","British Columbia",,2024-12-10,567
159,"Fire Alarm Panel","Smith-Bowen - Taylormouth Site",Smith-Bowen,"British Columbia",,2024-12-21,556
1297,"Exit Sign","Walker Ltd - Jonesland Site","Walker Ltd","British Columbia",,2024-12-31,546
658,"Emergency Lighting","Hancock Inc - Martinezbury Site","Hancock Inc",Atlantic,,2025-01-03,543
664,"Fire Extinguisher","Hancock Inc - Martinezbury Site","Hancock Inc",Atlantic,,2025-01-22,524
1339,"Fire Extinguisher","Rivera, Johnson and Wiley - New Sarahview Site","Rivera, Johnson and Wiley",Quebec,,2025-01-30,516
305,"Fire Extinguisher","Spence PLC - Rogersfort Site","Spence PLC",Ontario,,2025-01-31,515
1045,"Eyewash Station","Harris-Walters - Rosebury Site",Harris-Walters,Quebec,,2025-02-02,513
145,"Emergency Lighting","Smith-Bowen - Ramseymouth Site",Smith-Bowen,"British Columbia",,2025-02-05,510
542,"Eyewash Station","Brown, Valdez and Lucas - South Danny Site","Brown, Valdez and Lucas",Atlantic,,2025-02-12,503
1379,"Eyewash Station","Johnson-Carlson - South Robert Site",Johnson-Carlson,"British Columbia",,2025-02-18,497
1484,"Sprinkler System","Cortez LLC - Richardbury Site","Cortez LLC","British Columbia",,2025-02-25,490
772,"Sprinkler System","Woods, Calhoun and Schmidt - East Wayneshire Site","Woods, Calhoun and Schmidt",Ontario,,2025-03-16,471
389,"Eyewash Station","Walker LLC - East Javier Site","Walker LLC",Ontario,,2025-04-17,439
11,"Gas Detector","Ellis, Baker and Wright - New Johnville Site","Ellis, Baker and Wright",Atlantic,,2025-05-07,419
548,"Emergency Lighting","Brown, Valdez and Lucas - West Margaret Site","Brown, Valdez and Lucas",Atlantic,,2025-05-07,419
551,"Eyewash Station","Powell LLC - East Laurashire Site","Powell LLC",Prairies,,2025-05-10,416
1261,"Fire Alarm Panel","Rodriguez, Brennan and Garrison - Wagnerchester Site","Rodriguez, Brennan and Garrison",Ontario,,2025-06-08,387
56,"Fire Extinguisher","Snyder, Campos and Callahan - Simsview Site","Snyder, Campos and Callahan","British Columbia",,2025-07-07,358
288,"Gas Detector","Arroyo, Miller and Tucker - Melissaland Site","Arroyo, Miller and Tucker",Prairies,,2025-07-16,349
808,"Fire Extinguisher","Hensley, Powell and David - Port Markside Site","Hensley, Powell and David",Quebec,,2025-08-05,329
327,"Fire Extinguisher","Martin, Rose and Obrien - New Stacyland Site","Martin, Rose and Obrien",Atlantic,,2025-08-10,324
1358,"Eyewash Station","White-Estes - Michaelburgh Site",White-Estes,"British Columbia",,2025-08-27,307
615,"SCBA Unit","Novak and Sons - Robertsfurt Site","Novak and Sons",Quebec,,2025-10-04,269
846,"Fire Alarm Panel","Donovan-Harris - West Lauraport Site",Donovan-Harris,Ontario,,2025-10-05,268
1253,"Fire Alarm Panel","Shields, Cochran and Adams - Oscarhaven Site","Shields, Cochran and Adams",Quebec,,2025-10-18,255
223,"Eyewash Station","Romero, Gonzalez and Brooks - Katieburgh Site","Romero, Gonzalez and Brooks","British Columbia",,2025-11-26,216
1016,"Fire Alarm Panel","Newton and Sons - Port Ralphview Site","Newton and Sons",Ontario,,2025-12-31,181
1236,"Gas Detector","Johnson-Doyle - West Charleneland Site",Johnson-Doyle,"British Columbia",2025-01-01,2026-01-01,180
1298,"Fire Extinguisher","Walker Ltd - Jonesland Site","Walker Ltd","British Columbia",2025-01-01,2026-01-01,180
80,"Exit Sign","Carlson-Cruz - North Robert Site",Carlson-Cruz,Prairies,2025-01-02,2026-01-02,179
547,"Emergency Lighting","Brown, Valdez and Lucas - West Margaret Site","Brown, Valdez and Lucas",Atlantic,2025-01-02,2026-01-02,179
913,"Eyewash Station","Ferrell, Jones and Lewis - Armstrongshire Site","Ferrell, Jones and Lewis",Quebec,2025-01-02,2026-01-02,179
1365,"Fire Alarm Panel","Johnson-Carlson - Jonestown Site",Johnson-Carlson,"British Columbia",2025-01-02,2026-01-02,179
149,"SCBA Unit","Smith-Bowen - South Brittanytown Site",Smith-Bowen,"British Columbia",2025-01-03,2026-01-03,178
535,"Fire Alarm Panel","Gomez-Jenkins - West Kristin Site",Gomez-Jenkins,Quebec,2025-01-03,2026-01-03,178
1332,"Emergency Lighting","May-Ross - West Meganstad Site",May-Ross,Atlantic,2025-01-05,2026-01-05,176
930,"Fire Alarm Panel","Anderson-Bailey - Wallport Site",Anderson-Bailey,Prairies,2025-01-06,2026-01-06,175
319,"Fire Alarm Panel","Martin, Rose and Obrien - Matthewview Site","Martin, Rose and Obrien",Atlantic,,2026-01-07,174
896,"Sprinkler System","Evans, Stewart and Walton - Daniellechester Site","Evans, Stewart and Walton",Prairies,2025-01-07,2026-01-07,174
1160,"Emergency Lighting","Mckee, Gardner and Davenport - North Donna Site","Mckee, Gardner and Davenport",Prairies,2025-01-07,2026-01-07,174
1661,"Emergency Lighting","Stafford Inc - Schneidermouth Site","Stafford Inc",Prairies,2025-01-07,2026-01-07,174
847,"Fire Alarm Panel","Donovan-Harris - West Lauraport Site",Donovan-Harris,Ontario,2025-01-08,2026-01-08,173
555,"Sprinkler System","Powell LLC - East Laurashire Site","Powell LLC",Prairies,2025-01-09,2026-01-09,172
593,"Gas Detector","West, Henderson and Ramirez - Port Katelynfort Site","West, Henderson and Ramirez",Ontario,2025-01-09,2026-01-09,172
718,"Emergency Lighting","Henderson-Bernard - Port Chad Site",Henderson-Bernard,Quebec,2025-01-09,2026-01-09,172
1005,"Exit Sign","Garcia, Humphrey and Baker - Port Erica Site","Garcia, Humphrey and Baker","British Columbia",2025-01-09,2026-01-09,172
1234,"Eyewash Station","Johnson-Doyle - West Charleneland Site",Johnson-Doyle,"British Columbia",2025-01-09,2026-01-09,172
598,"Gas Detector","Baxter Inc - Moonburgh Site","Baxter Inc","British Columbia",2025-01-10,2026-01-10,171
717,"Exit Sign","Henderson-Bernard - Port Chad Site",Henderson-Bernard,Quebec,2025-01-10,2026-01-10,171
840,"Fire Alarm Panel","Sandoval-Cunningham - Lake Kevin Site",Sandoval-Cunningham,Ontario,2025-01-10,2026-01-10,171
1667,"Fire Alarm Panel","Stafford Inc - Lake Ellenhaven Site","Stafford Inc",Prairies,2025-01-11,2026-01-11,170
372,"SCBA Unit","Harris, Collins and Carney - Michaelmouth Site","Harris, Collins and Carney","British Columbia",2025-01-12,2026-01-12,169
577,"Sprinkler System","Wright and Sons - Cassandratown Site","Wright and Sons",Ontario,2025-01-12,2026-01-12,169
861,"Sprinkler System","Donovan-Harris - Knightburgh Site",Donovan-Harris,Ontario,2025-01-12,2026-01-12,169
1255,"Exit Sign","Shields, Cochran and Adams - Oscarhaven Site","Shields, Cochran and Adams",Quebec,2025-01-12,2026-01-12,169
465,"SCBA Unit","Jones-Young - East Davidchester Site",Jones-Young,Ontario,2025-01-13,2026-01-13,168
565,"Gas Detector","Powell LLC - Martinezport Site","Powell LLC",Prairies,2025-01-13,2026-01-13,168
585,"Emergency Lighting","West, Henderson and Ramirez - Port Emilyview Site","West, Henderson and Ramirez",Ontario,2025-01-13,2026-01-13,168
693,"Eyewash Station","House-Glover - Williamview Site",House-Glover,"British Columbia",2025-01-13,2026-01-13,168
1360,"Eyewash Station","White-Estes - Michaelburgh Site",White-Estes,"British Columbia",2025-01-13,2026-01-13,168
768,"Fire Alarm Panel","Woods, Calhoun and Schmidt - Hughesberg Site","Woods, Calhoun and Schmidt",Ontario,2025-01-14,2026-01-14,167
50,"Sprinkler System","Snyder, Campos and Callahan - Karenview Site","Snyder, Campos and Callahan","British Columbia",2025-01-15,2026-01-15,166
1455,"Emergency Lighting","Diaz Inc - Charleston Site","Diaz Inc",Atlantic,2025-01-15,2026-01-15,166
1625,"Emergency Lighting","Gibson Ltd - Erikaton Site","Gibson Ltd",Quebec,2025-01-15,2026-01-15,166
100,"Sprinkler System","Frazier Inc - Port Nicoleshire Site","Frazier Inc",Quebec,2025-01-16,2026-01-16,165
1134,"SCBA Unit","Figueroa PLC - Port Matthewberg Site","Figueroa PLC",Quebec,2025-01-16,2026-01-16,165
256,"Gas Detector","Rodriguez LLC - Alexanderchester Site","Rodriguez LLC",Ontario,2025-01-17,2026-01-17,164
398,"Emergency Lighting","Walker LLC - Tinaborough Site","Walker LLC",Ontario,2025-01-17,2026-01-17,164
42,"Fire Alarm Panel","Ross, Robinson and Bright - Lake Michelle Site","Ross, Robinson and Bright",Atlantic,2025-01-18,2026-01-18,163
332,"Gas Detector","Martin, Rose and Obrien - Freemanbury Site","Martin, Rose and Obrien",Atlantic,2025-01-18,2026-01-18,163
437,"Eyewash Station","Jones Inc - North Johnny Site","Jones Inc",Ontario,2025-01-18,2026-01-18,163
1428,"SCBA Unit","Scott Ltd - East Kevinborough Site","Scott Ltd","British Columbia",2025-01-18,2026-01-18,163
1481,"Fire Extinguisher","Cortez LLC - Richardbury Site","Cortez LLC","British Columbia",2025-01-19,2026-01-19,162
1621,"Fire Extinguisher","Riggs PLC - Samanthafurt Site","Riggs PLC",Ontario,2025-01-19,2026-01-19,162
880,"Fire Extinguisher","Edwards, Baker and Anderson - South Dana Site","Edwards, Baker and Anderson",Ontario,2025-01-20,2026-01-20,161
1511,"Sprinkler System","Bentley, Byrd and Orr - East Curtis Site","Bentley, Byrd and Orr",Atlantic,2025-01-20,2026-01-20,161
10,"Eyewash Station","Ellis, Baker and Wright - New Johnville Site","Ellis, Baker and Wright",Atlantic,2025-01-21,2026-01-21,160
700,"Gas Detector","Henderson-Bernard - Bairdbury Site",Henderson-Bernard,Quebec,2025-01-21,2026-01-21,160
759,"Fire Extinguisher","Daniels, Adkins and Brown - New Patrick Site","Daniels, Adkins and Brown",Prairies,2025-01-21,2026-01-21,160
1384,"SCBA Unit","Johnson-Carlson - West Larry Site",Johnson-Carlson,"British Columbia",2025-01-22,2026-01-22,159
394,"SCBA Unit","Walker LLC - Jennyhaven Site","Walker LLC",Ontario,2025-01-24,2026-01-24,157
990,"Sprinkler System","Garcia, Humphrey and Baker - South Sydneyberg Site","Garcia, Humphrey and Baker","British Columbia",2025-01-24,2026-01-24,157
1100,"Gas Detector","Walsh LLC - Jeffmouth Site","Walsh LLC",Atlantic,2025-01-24,2026-01-24,157
1382,"SCBA Unit","Johnson-Carlson - West Larry Site",Johnson-Carlson,"British Columbia",2025-01-24,2026-01-24,157
597,"Emergency Lighting","Baxter Inc - Moonburgh Site","Baxter Inc","British Columbia",2025-01-25,2026-01-25,156
823,"Exit Sign","Sanchez, Wheeler and Harvey - New Caseyport Site","Sanchez, Wheeler and Harvey",Atlantic,,2026-01-25,156
1094,"SCBA Unit","Walsh LLC - Jeffmouth Site","Walsh LLC",Atlantic,2025-01-25,2026-01-25,156
1363,"Exit Sign","White-Estes - Michaelburgh Site",White-Estes,"British Columbia",2025-01-25,2026-01-25,156
1147,"Sprinkler System","Patterson, Smith and Jones - Kimtown Site","Patterson, Smith and Jones",Quebec,2025-01-26,2026-01-26,155
1397,"Eyewash Station","Chandler-Edwards - West Scottchester Site",Chandler-Edwards,Ontario,2025-01-26,2026-01-26,155
151,"Sprinkler System","Smith-Bowen - South Brittanytown Site",Smith-Bowen,"British Columbia",2025-01-27,2026-01-27,154
280,"Sprinkler System","Arroyo, Miller and Tucker - Marshallshire Site","Arroyo, Miller and Tucker",Prairies,2025-01-27,2026-01-27,154
993,"Eyewash Station","Garcia, Humphrey and Baker - South Sydneyberg Site","Garcia, Humphrey and Baker","British Columbia",2025-01-27,2026-01-27,154
15,"Eyewash Station","Ellis, Baker and Wright - New Johnville Site","Ellis, Baker and Wright",Atlantic,2025-01-28,2026-01-28,153
240,"Eyewash Station","Ryan PLC - North Brittany Site","Ryan PLC",Prairies,2025-01-28,2026-01-28,153
1260,"SCBA Unit","Rodriguez, Brennan and Garrison - Wagnerchester Site","Rodriguez, Brennan and Garrison",Ontario,2025-01-28,2026-01-28,153
1477,"Sprinkler System","Cortez LLC - Collierstad Site","Cortez LLC","British Columbia",2025-01-28,2026-01-28,153
948,"Exit Sign","Moore-Bass - Lake Colton Site",Moore-Bass,Quebec,2025-01-29,2026-01-29,152
1490,"Fire Extinguisher","Cortez LLC - Warrenfurt Site","Cortez LLC","British Columbia",2025-01-29,2026-01-29,152
107,"Fire Extinguisher","Frazier Inc - Smithstad Site","Frazier Inc",Quebec,2025-01-30,2026-01-30,151
1340,"Exit Sign","Rivera, Johnson and Wiley - New Sarahview Site","Rivera, Johnson and Wiley",Quebec,2025-01-30,2026-01-30,151
1443,"Fire Alarm Panel","Mcdaniel, Bentley and Mclaughlin - South Amanda Site","Mcdaniel, Bentley and Mclaughlin",Atlantic,2025-01-30,2026-01-30,151
858,"Exit Sign","Donovan-Harris - Knightburgh Site",Donovan-Harris,Ontario,2025-02-01,2026-02-01,149
1237,"Emergency Lighting","Johnson-Doyle - West Charleneland Site",Johnson-Doyle,"British Columbia",2025-02-01,2026-02-01,149
1052,"Eyewash Station","Harris-Walters - Lake Madisonport Site",Harris-Walters,Quebec,2025-02-02,2026-02-02,148
277,"Sprinkler System","Allen-Allen - Christinaside Site",Allen-Allen,Atlantic,2025-02-03,2026-02-03,147
448,"Sprinkler System","Jones-Young - Port Cameronfort Site",Jones-Young,Ontario,2025-02-03,2026-02-03,147
523,"Exit Sign","Lee-Davis - Carterbury Site",Lee-Davis,"British Columbia",2025-02-03,2026-02-03,147
963,"Gas Detector","Smith, Montoya and Evans - Port Amber Site","Smith, Montoya and Evans",Atlantic,2025-02-03,2026-02-03,147
1025,"Emergency Lighting","Newton and Sons - South Miguelview Site","Newton and Sons",Ontario,2025-02-04,2026-02-04,146
1249,"Fire Extinguisher","Shields, Cochran and Adams - Oscarhaven Site","Shields, Cochran and Adams",Quebec,2025-02-04,2026-02-04,146
628,"Emergency Lighting","Russell Group - Gutierrezborough Site","Russell Group",Atlantic,2025-02-05,2026-02-05,145
1395,"Gas Detector","Chandler-Edwards - West Scottchester Site",Chandler-Edwards,Ontario,2025-02-05,2026-02-05,145
1537,"Fire Extinguisher","Mitchell-Jordan - Maldonadoshire Site",Mitchell-Jordan,Prairies,2025-02-05,2026-02-05,145
587,"Eyewash Station","West, Henderson and Ramirez - Port Emilyview Site","West, Henderson and Ramirez",Ontario,2025-02-06,2026-02-06,144
729,"Emergency Lighting","Stanley, Tucker and Lee - West Jessicashire Site","Stanley, Tucker and Lee",Quebec,2025-02-06,2026-02-06,144
78,"Exit Sign","Carlson-Cruz - North Robert Site",Carlson-Cruz,Prairies,2025-02-07,2026-02-07,143
98,"Sprinkler System","Frazier Inc - Steinshire Site","Frazier Inc",Quebec,2025-02-07,2026-02-07,143
263,"Emergency Lighting","Rodriguez LLC - South Susanmouth Site","Rodriguez LLC",Ontario,2025-02-07,2026-02-07,143
360,"Eyewash Station","Harris, Collins and Carney - Transtad Site","Harris, Collins and Carney","British Columbia",2025-02-07,2026-02-07,143
1315,"Sprinkler System","Rasmussen LLC - Elizabethchester Site","Rasmussen LLC",Atlantic,2025-02-07,2026-02-07,143
359,"Sprinkler System","Harris, Collins and Carney - West Elizabeth Site","Harris, Collins and Carney","British Columbia",2025-02-08,2026-02-08,142
757,"Eyewash Station","Daniels, Adkins and Brown - New Patrick Site","Daniels, Adkins and Brown",Prairies,2025-02-08,2026-02-08,142
123,"SCBA Unit","Dyer, Potter and Mack - Castanedachester Site","Dyer, Potter and Mack","British Columbia",2025-02-10,2026-02-10,140
214,"Emergency Lighting","Romero, Gonzalez and Brooks - East David Site","Romero, Gonzalez and Brooks","British Columbia",2025-02-10,2026-02-10,140
414,"Fire Alarm Panel","Robinson, Jones and Welch - West Brandon Site","Robinson, Jones and Welch",Quebec,2025-02-10,2026-02-10,140
903,"Sprinkler System","Evans, Stewart and Walton - Daniellechester Site","Evans, Stewart and Walton",Prairies,2025-02-10,2026-02-10,140
1141,"Eyewash Station","Patterson, Smith and Jones - New Jason Site","Patterson, Smith and Jones",Quebec,2025-02-10,2026-02-10,140
21,"Fire Extinguisher","Ellis, Baker and Wright - Port Steven Site","Ellis, Baker and Wright",Atlantic,2025-02-11,2026-02-11,139
1357,"Exit Sign","White-Estes - Michaelburgh Site",White-Estes,"British Columbia",2025-02-11,2026-02-11,139
210,"Exit Sign","Romero, Gonzalez and Brooks - East David Site","Romero, Gonzalez and Brooks","British Columbia",2025-02-12,2026-02-12,138
1275,"Fire Alarm Panel","Gonzalez Group - South Shannon Site","Gonzalez Group",Atlantic,2025-02-12,2026-02-12,138
1393,"Gas Detector","Chandler-Edwards - North Ericton Site",Chandler-Edwards,Ontario,2025-02-12,2026-02-12,138
1656,"Fire Alarm Panel","Stafford Inc - Schneidermouth Site","Stafford Inc",Prairies,2025-02-12,2026-02-12,138
192,"Eyewash Station","Harrell LLC - Lake Amberstad Site","Harrell LLC",Quebec,2025-02-13,2026-02-13,137
272,"Gas Detector","Allen-Allen - Christinaside Site",Allen-Allen,Atlantic,2025-02-13,2026-02-13,137
959,"Exit Sign","Turner, Riggs and Roman - Julieburgh Site","Turner, Riggs and Roman",Quebec,2025-02-13,2026-02-13,137
1028,"Fire Alarm Panel","Newton and Sons - South Miguelview Site","Newton and Sons",Ontario,2025-02-13,2026-02-13,137
1140,"Emergency Lighting","Patterson, Smith and Jones - New Jason Site","Patterson, Smith and Jones",Quebec,2025-02-13,2026-02-13,137
156,"SCBA Unit","Smith-Bowen - South Brittanytown Site",Smith-Bowen,"British Columbia",2025-02-14,2026-02-14,136
255,"Eyewash Station","Rodriguez LLC - Alexanderchester Site","Rodriguez LLC",Ontario,2025-02-14,2026-02-14,136
261,"Emergency Lighting","Rodriguez LLC - South Susanmouth Site","Rodriguez LLC",Ontario,2025-02-14,2026-02-14,136
914,"Eyewash Station","Ferrell, Jones and Lewis - Armstrongshire Site","Ferrell, Jones and Lewis",Quebec,2025-02-14,2026-02-14,136
1050,"Sprinkler System","Harris-Walters - Lake Madisonport Site",Harris-Walters,Quebec,2025-02-14,2026-02-14,136
1152,"Sprinkler System","Patterson, Smith and Jones - Kimtown Site","Patterson, Smith and Jones",Quebec,2025-02-14,2026-02-14,136
1337,"Fire Extinguisher","Rivera, Johnson and Wiley - Audreychester Site","Rivera, Johnson and Wiley",Quebec,2025-02-14,2026-02-14,136
1449,"Fire Alarm Panel","Diaz Inc - Charleston Site","Diaz Inc",Atlantic,2025-02-14,2026-02-14,136
136,"Fire Extinguisher","Rodriguez-Graham - Johnsonmouth Site",Rodriguez-Graham,Atlantic,2025-02-16,2026-02-16,134
186,"Emergency Lighting","Harrell LLC - Lake Amberstad Site","Harrell LLC",Quebec,2025-02-16,2026-02-16,134
387,"Eyewash Station","Walker LLC - East Javier Site","Walker LLC",Ontario,2025-02-16,2026-02-16,134
855,"Fire Alarm Panel","Donovan-Harris - Ryanbury Site",Donovan-Harris,Ontario,2025-02-16,2026-02-16,134
1571,"Fire Extinguisher","Jackson, Miller and Robertson - Fordside Site","Jackson, Miller and Robertson",Quebec,2025-02-16,2026-02-16,134
447,"Fire Alarm Panel","Jones-Young - Port Cameronfort Site",Jones-Young,Ontario,2025-02-17,2026-02-17,133
806,"Fire Alarm Panel","Jones Inc - Cindyfurt Site","Jones Inc",Quebec,2025-02-17,2026-02-17,133
891,"Fire Extinguisher","Evans, Stewart and Walton - North Scott Site","Evans, Stewart and Walton",Prairies,2025-02-17,2026-02-17,133
1200,"Fire Alarm Panel","Wright, Garcia and Deleon - New Bradley Site","Wright, Garcia and Deleon",Atlantic,2025-02-17,2026-02-17,133
264,"Gas Detector","Rodriguez LLC - South Gregory Site","Rodriguez LLC",Ontario,2025-02-18,2026-02-18,132
977,"Eyewash Station","Smith, Montoya and Evans - Mariaview Site","Smith, Montoya and Evans",Atlantic,2025-02-18,2026-02-18,132
1390,"Sprinkler System","Chandler-Edwards - North Ericton Site",Chandler-Edwards,Ontario,2025-02-18,2026-02-18,132
1648,"Fire Extinguisher","Hernandez Ltd - New Elizabethstad Site","Hernandez Ltd",Atlantic,2025-02-18,2026-02-18,132
400,"Emergency Lighting","Walker LLC - Tinaborough Site","Walker LLC",Ontario,2025-02-19,2026-02-19,131
431,"Fire Extinguisher","Jones Inc - Taylormouth Site","Jones Inc",Ontario,2025-02-19,2026-02-19,131
660,"Eyewash Station","Hancock Inc - Martinezbury Site","Hancock Inc",Atlantic,2025-02-19,2026-02-19,131
758,"Fire Extinguisher","Daniels, Adkins and Brown - New Patrick Site","Daniels, Adkins and Brown",Prairies,2025-02-19,2026-02-19,131
1596,"SCBA Unit","Chambers and Sons - Toniland Site","Chambers and Sons",Ontario,2025-02-19,2026-02-19,131
182,"Fire Alarm Panel","Baker, Mason and White - Kingland Site","Baker, Mason and White",Ontario,2025-02-20,2026-02-20,130
1142,"Emergency Lighting","Patterson, Smith and Jones - New Jason Site","Patterson, Smith and Jones",Quebec,2025-02-20,2026-02-20,130
624,"Sprinkler System","Novak and Sons - Port Richardhaven Site","Novak and Sons",Quebec,2025-02-21,2026-02-21,129
1280,"Fire Extinguisher","Torres-Pope - Morganmouth Site",Torres-Pope,Atlantic,,2026-02-21,129
54,"SCBA Unit","Snyder, Campos and Callahan - Simsview Site","Snyder, Campos and Callahan","British Columbia",2025-02-22,2026-02-22,128
82,"Emergency Lighting","Carlson-Cruz - North Robert Site",Carlson-Cruz,Prairies,2025-02-22,2026-02-22,128
834,"SCBA Unit","Sandoval-Cunningham - South Tiffanyville Site",Sandoval-Cunningham,Ontario,2025-02-22,2026-02-22,128
1154,"Eyewash Station","Mckee, Gardner and Davenport - East Amber Site","Mckee, Gardner and Davenport",Prairies,2025-02-22,2026-02-22,128
20,"Gas Detector","Ellis, Baker and Wright - Port Steven Site","Ellis, Baker and Wright",Atlantic,2025-02-23,2026-02-23,127
153,"Sprinkler System","Smith-Bowen - South Brittanytown Site",Smith-Bowen,"British Columbia",2025-02-23,2026-02-23,127
217,"Gas Detector","Romero, Gonzalez and Brooks - East David Site","Romero, Gonzalez and Brooks","British Columbia",2025-02-23,2026-02-23,127
820,"Fire Extinguisher","Hensley, Powell and David - Courtneyfort Site","Hensley, Powell and David",Quebec,2025-02-24,2026-02-24,126
563,"Emergency Lighting","Powell LLC - Martinezport Site","Powell LLC",Prairies,2025-02-25,2026-02-25,125
788,"Fire Extinguisher","Yu Inc - Smithberg Site","Yu Inc",Atlantic,2025-02-25,2026-02-25,125
867,"Exit Sign","Edwards, Baker and Anderson - North Chelsea Site","Edwards, Baker and Anderson",Ontario,2025-02-25,2026-02-25,125
1144,"Sprinkler System","Patterson, Smith and Jones - Kimtown Site","Patterson, Smith and Jones",Quebec,2025-02-25,2026-02-25,125
1210,"Fire Alarm Panel","Dickson-Brady - Boonechester Site",Dickson-Brady,Atlantic,2025-02-25,2026-02-25,125
1582,"Emergency Lighting","Jackson, Miller and Robertson - South Reginashire Site","Jackson, Miller and Robertson",Quebec,2025-02-25,2026-02-25,125
187,"Fire Extinguisher","Harrell LLC - Lake Amberstad Site","Harrell LLC",Quebec,2025-02-26,2026-02-26,124
294,"Fire Alarm Panel","Spence PLC - Sanchezmouth Site","Spence PLC",Ontario,2025-02-26,2026-02-26,124
582,"Exit Sign","West, Henderson and Ramirez - Lake Mary Site","West, Henderson and Ramirez",Ontario,2025-02-26,2026-02-26,124
639,"Emergency Lighting","Russell Group - Cindyfort Site","Russell Group",Atlantic,2025-02-27,2026-02-27,123
705,"Sprinkler System","Henderson-Bernard - South James Site",Henderson-Bernard,Quebec,2025-02-27,2026-02-27,123
1493,"Emergency Lighting","Cortez LLC - Warrenfurt Site","Cortez LLC","British Columbia",2025-02-27,2026-02-27,123
1533,"Exit Sign","Mitchell-Jordan - Maldonadoshire Site",Mitchell-Jordan,Prairies,2025-02-27,2026-02-27,123
273,"Fire Alarm Panel","Allen-Allen - Christinaside Site",Allen-Allen,Atlantic,2025-02-28,2026-02-28,122
868,"Fire Alarm Panel","Edwards, Baker and Anderson - North Chelsea Site","Edwards, Baker and Anderson",Ontario,,2026-03-01,121
1670,"SCBA Unit","Stafford Inc - Lake Ellenhaven Site","Stafford Inc",Prairies,2025-03-01,2026-03-01,121
358,"Fire Alarm Panel","Harris, Collins and Carney - West Elizabeth Site","Harris, Collins and Carney","British Columbia",2025-03-02,2026-03-02,120
430,"Fire Extinguisher","Jones Inc - Taylormouth Site","Jones Inc",Ontario,2025-03-02,2026-03-02,120
780,"Sprinkler System","Woods, Calhoun and Schmidt - Port Meganville Site","Woods, Calhoun and Schmidt",Ontario,2025-03-02,2026-03-02,120
60,"Fire Alarm Panel","Snyder, Campos and Callahan - Lake Justinview Site","Snyder, Campos and Callahan","British Columbia",2025-03-03,2026-03-03,119
388,"Fire Alarm Panel","Walker LLC - East Javier Site","Walker LLC",Ontario,2025-03-03,2026-03-03,119
480,"Exit Sign","Washington, Ryan and Cummings - Evansshire Site","Washington, Ryan and Cummings",Quebec,,2026-03-03,119
978,"Emergency Lighting","Smith, Montoya and Evans - Mariaview Site","Smith, Montoya and Evans",Atlantic,2025-03-03,2026-03-03,119
1291,"SCBA Unit","Torres-Pope - Elizabethstad Site",Torres-Pope,Atlantic,2025-03-03,2026-03-03,119
9,"Emergency Lighting","Ellis, Baker and Wright - New Johnville Site","Ellis, Baker and Wright",Atlantic,2025-03-05,2026-03-05,117
212,"Exit Sign","Romero, Gonzalez and Brooks - East David Site","Romero, Gonzalez and Brooks","British Columbia",2025-03-05,2026-03-05,117
1235,"Gas Detector","Johnson-Doyle - West Charleneland Site",Johnson-Doyle,"British Columbia",2025-03-05,2026-03-05,117
504,"Fire Alarm Panel","Johnston, Sanchez and Kennedy - East Johnside Site","Johnston, Sanchez and Kennedy","British Columbia",2025-03-06,2026-03-06,116
784,"SCBA Unit","Woods, Calhoun and Schmidt - Port Meganville Site","Woods, Calhoun and Schmidt",Ontario,2025-03-06,2026-03-06,116
1311,"SCBA Unit","Ross LLC - New Brian Site","Ross LLC",Ontario,2025-03-06,2026-03-06,116
1612,"Fire Extinguisher","Hernandez Inc - Warrenburgh Site","Hernandez Inc","British Columbia",,2026-03-06,116
154,"Exit Sign","Smith-Bowen - South Brittanytown Site",Smith-Bowen,"British Columbia",2025-03-07,2026-03-07,115
1319,"Fire Alarm Panel","Rasmussen LLC - Elizabethchester Site","Rasmussen LLC",Atlantic,2025-03-07,2026-03-07,115
1516,"Emergency Lighting","Bentley, Byrd and Orr - East Curtis Site","Bentley, Byrd and Orr",Atlantic,2025-03-07,2026-03-07,115
55,"Eyewash Station","Snyder, Campos and Callahan - Simsview Site","Snyder, Campos and Callahan","British Columbia",2025-03-08,2026-03-08,114
285,"SCBA Unit","Arroyo, Miller and Tucker - Marshallshire Site","Arroyo, Miller and Tucker",Prairies,2025-03-08,2026-03-08,114
1217,"Exit Sign","Dickson-Brady - Boonechester Site",Dickson-Brady,Atlantic,2025-03-08,2026-03-08,114
160,"Sprinkler System","Smith-Bowen - Taylormouth Site",Smith-Bowen,"British Columbia",2025-03-09,2026-03-09,113
1378,"Emergency Lighting","Johnson-Carlson - South Robert Site",Johnson-Carlson,"British Columbia",2025-03-09,2026-03-09,113
691,"Fire Alarm Panel","House-Glover - Williamview Site",House-Glover,"British Columbia",2025-03-10,2026-03-10,112
1371,"Emergency Lighting","Johnson-Carlson - Jonestown Site",Johnson-Carlson,"British Columbia",2025-03-10,2026-03-10,112
205,"Exit Sign","Harrell LLC - East Jamestown Site","Harrell LLC",Quebec,2025-03-11,2026-03-11,111
940,"Fire Alarm Panel","Suarez LLC - New John Site","Suarez LLC",Atlantic,2025-03-12,2026-03-12,110
1292,"Exit Sign","Torres-Pope - Elizabethstad Site",Torres-Pope,Atlantic,2025-03-13,2026-03-13,109
1301,"Emergency Lighting","Ross LLC - Davisstad Site","Ross LLC",Ontario,2025-03-13,2026-03-13,109
736,"Exit Sign","Stanley, Tucker and Lee - Grimesmouth Site","Stanley, Tucker and Lee",Quebec,2025-03-14,2026-03-14,108
852,"Emergency Lighting","Donovan-Harris - West Lauraport Site",Donovan-Harris,Ontario,2025-03-14,2026-03-14,108
1054,"Fire Extinguisher","Harris-Walters - Lake Madisonport Site",Harris-Walters,Quebec,2025-03-14,2026-03-14,108
1057,"SCBA Unit","Wagner-King - Wilsonton Site",Wagner-King,"British Columbia",2025-03-14,2026-03-14,108
1220,"SCBA Unit","Hancock and Sons - South Jennifermouth Site","Hancock and Sons",Prairies,2025-03-14,2026-03-14,108
1597,"Eyewash Station","Chambers and Sons - Toniland Site","Chambers and Sons",Ontario,2025-03-14,2026-03-14,108
67,"Fire Extinguisher","Snyder, Campos and Callahan - Lake Justinview Site","Snyder, Campos and Callahan","British Columbia",2025-03-15,2026-03-15,107
1022,"Exit Sign","Newton and Sons - South Miguelview Site","Newton and Sons",Ontario,2025-03-15,2026-03-15,107
835,"Gas Detector","Sandoval-Cunningham - Lake Kevin Site",Sandoval-Cunningham,Ontario,2025-03-16,2026-03-16,106
944,"SCBA Unit","Moore-Bass - Lake Colton Site",Moore-Bass,Quebec,2025-03-16,2026-03-16,106
1638,"Eyewash Station","Lee, Horton and Snyder - Mitchellberg Site","Lee, Horton and Snyder",Ontario,,2026-03-16,106
291,"Sprinkler System","Arroyo, Miller and Tucker - Melissaland Site","Arroyo, Miller and Tucker",Prairies,2025-03-17,2026-03-17,105
458,"Fire Alarm Panel","Jones-Young - East Edwardshire Site",Jones-Young,Ontario,2025-03-17,2026-03-17,105
684,"Eyewash Station","Gray Group - Lake Marilynfort Site","Gray Group",Quebec,,2026-03-17,105
62,"Sprinkler System","Snyder, Campos and Callahan - Lake Justinview Site","Snyder, Campos and Callahan","British Columbia",2025-03-18,2026-03-18,104
770,"Fire Alarm Panel","Woods, Calhoun and Schmidt - Hughesberg Site","Woods, Calhoun and Schmidt",Ontario,2025-03-18,2026-03-18,104
829,"Sprinkler System","Sandoval-Cunningham - South Tiffanyville Site",Sandoval-Cunningham,Ontario,2025-03-18,2026-03-18,104
454,"Gas Detector","Jones-Young - Port Cameronfort Site",Jones-Young,Ontario,2025-03-19,2026-03-19,103
1288,"Exit Sign","Torres-Pope - Elizabethstad Site",Torres-Pope,Atlantic,2025-03-19,2026-03-19,103
1504,"Emergency Lighting","Spencer-Lee - New Williamstad Site",Spencer-Lee,Prairies,2025-03-19,2026-03-19,103
278,"Sprinkler System","Arroyo, Miller and Tucker - Marshallshire Site","Arroyo, Miller and Tucker",Prairies,2025-03-20,2026-03-20,102
470,"Gas Detector","Washington, Ryan and Cummings - Port Alexandra Site","Washington, Ryan and Cummings",Quebec,2025-03-20,2026-03-20,102
581,"Exit Sign","West, Henderson and Ramirez - Lake Mary Site","West, Henderson and Ramirez",Ontario,2025-03-20,2026-03-20,102
897,"SCBA Unit","Evans, Stewart and Walton - Daniellechester Site","Evans, Stewart and Walton",Prairies,2025-03-20,2026-03-20,102
1380,"Fire Alarm Panel","Johnson-Carlson - South Robert Site",Johnson-Carlson,"British Columbia",2025-03-20,2026-03-20,102
1432,"Emergency Lighting","Smith-Frost - Port Jonathan Site",Smith-Frost,Prairies,2025-03-20,2026-03-20,102
1440,"Fire Alarm Panel","Smith-Frost - North Tylerchester Site",Smith-Frost,Prairies,2025-03-20,2026-03-20,102
1508,"SCBA Unit","Bentley, Byrd and Orr - East Curtis Site","Bentley, Byrd and Orr",Atlantic,2025-03-20,2026-03-20,102
193,"Gas Detector","Harrell LLC - Lake Amberstad Site","Harrell LLC",Quebec,2025-03-21,2026-03-21,101
656,"Emergency Lighting","Hancock Inc - West Samuel Site","Hancock Inc",Atlantic,2025-03-21,2026-03-21,101
894,"SCBA Unit","Evans, Stewart and Walton - North Scott Site","Evans, Stewart and Walton",Prairies,2025-03-21,2026-03-21,101
1076,"Gas Detector","Williams-Cook - Ellenside Site",Williams-Cook,"British Columbia",2025-03-21,2026-03-21,101
1254,"SCBA Unit","Shields, Cochran and Adams - Oscarhaven Site","Shields, Cochran and Adams",Quebec,2025-03-21,2026-03-21,101
297,"SCBA Unit","Spence PLC - Sanchezmouth Site","Spence PLC",Ontario,2025-03-22,2026-03-22,100
349,"Gas Detector","Hickman Ltd - North Kellyfurt Site","Hickman Ltd",Quebec,2025-03-22,2026-03-22,100
412,"Exit Sign","Chapman and Sons - West Harry Site","Chapman and Sons",Atlantic,2025-03-22,2026-03-22,100
958,"Exit Sign","Turner, Riggs and Roman - Julieburgh Site","Turner, Riggs and Roman",Quebec,2025-03-22,2026-03-22,100
991,"Emergency Lighting","Garcia, Humphrey and Baker - South Sydneyberg Site","Garcia, Humphrey and Baker","British Columbia",2025-03-23,2026-03-23,99
1055,"Exit Sign","Harris-Walters - Lake Madisonport Site",Harris-Walters,Quebec,2025-03-23,2026-03-23,99
1251,"Sprinkler System","Shields, Cochran and Adams - Oscarhaven Site","Shields, Cochran and Adams",Quebec,2025-03-23,2026-03-23,99
1609,"Exit Sign","Hernandez Inc - Warrenburgh Site","Hernandez Inc","British Columbia",2025-03-23,2026-03-23,99
442,"Fire Extinguisher","Jones Inc - North Johnny Site","Jones Inc",Ontario,2025-03-24,2026-03-24,98
1327,"Fire Extinguisher","May-Ross - Michaelshire Site",May-Ross,Atlantic,2025-03-24,2026-03-24,98
878,"SCBA Unit","Edwards, Baker and Anderson - South Dana Site","Edwards, Baker and Anderson",Ontario,2025-03-25,2026-03-25,97
268,"Eyewash Station","Rodriguez LLC - South Gregory Site","Rodriguez LLC",Ontario,2025-03-26,2026-03-26,96
1550,"Fire Alarm Panel","Lawson, Morris and Ramos - Jonesmouth Site","Lawson, Morris and Ramos",Quebec,2025-03-26,2026-03-26,96
16,"Eyewash Station","Ellis, Baker and Wright - New Johnville Site","Ellis, Baker and Wright",Atlantic,2025-03-27,2026-03-27,95
994,"Fire Alarm Panel","Garcia, Humphrey and Baker - South Sydneyberg Site","Garcia, Humphrey and Baker","British Columbia",2025-03-27,2026-03-27,95
1524,"Gas Detector","Bentley, Byrd and Orr - East Carrie Site","Bentley, Byrd and Orr",Atlantic,2025-03-27,2026-03-27,95
170,"Gas Detector","Baker, Mason and White - West Nicholasborough Site","Baker, Mason and White",Ontario,,2026-03-28,94
466,"Emergency Lighting","Jones-Young - East Davidchester Site",Jones-Young,Ontario,2025-03-28,2026-03-28,94
560,"Emergency Lighting","Powell LLC - Martinezport Site","Powell LLC",Prairies,2025-03-28,2026-03-28,94
995,"Eyewash Station","Garcia, Humphrey and Baker - South Sydneyberg Site","Garcia, Humphrey and Baker","British Columbia",2025-03-28,2026-03-28,94
40,"Emergency Lighting","Ross, Robinson and Bright - Lake Michelle Site","Ross, Robinson and Bright",Atlantic,2025-03-29,2026-03-29,93
253,"Gas Detector","Rodriguez LLC - Alexanderchester Site","Rodriguez LLC",Ontario,2025-03-29,2026-03-29,93
486,"Fire Alarm Panel","Johnston, Sanchez and Kennedy - Ashleyton Site","Johnston, Sanchez and Kennedy","British Columbia",2025-03-29,2026-03-29,93
493,"Fire Alarm Panel","Johnston, Sanchez and Kennedy - Port Jaredborough Site","Johnston, Sanchez and Kennedy","British Columbia",2025-03-29,2026-03-29,93
863,"SCBA Unit","Donovan-Harris - Knightburgh Site",Donovan-Harris,Ontario,2025-03-29,2026-03-29,93
1087,"Eyewash Station","Williams-Cook - Crosbyview Site",Williams-Cook,"British Columbia",2025-03-29,2026-03-29,93
1468,"Fire Alarm Panel","Mccall, Hanson and Alvarado - South Andrewmouth Site","Mccall, Hanson and Alvarado",Ontario,2025-03-29,2026-03-29,93
35,"SCBA Unit","Ross, Robinson and Bright - Lake Michelle Site","Ross, Robinson and Bright",Atlantic,2025-03-30,2026-03-30,92
938,"SCBA Unit","Suarez LLC - New John Site","Suarez LLC",Atlantic,2025-03-30,2026-03-30,92
1191,"Exit Sign","Nolan and Sons - Lake Brycemouth Site","Nolan and Sons","British Columbia",2025-03-30,2026-03-30,92
1414,"Sprinkler System","Joyce, Wilson and Lam - Roseport Site","Joyce, Wilson and Lam","British Columbia",2025-03-30,2026-03-30,92
1645,"Exit Sign","Lee, Horton and Snyder - Mitchellberg Site","Lee, Horton and Snyder",Ontario,2025-03-30,2026-03-30,92
524,"Exit Sign","Lee-Davis - Carterbury Site",Lee-Davis,"British Columbia",2025-03-31,2026-03-31,91
1117,"Eyewash Station","Figueroa PLC - Port Madisonland Site","Figueroa PLC",Quebec,2025-03-31,2026-03-31,91
1411,"Emergency Lighting","Joyce, Wilson and Lam - Roseport Site","Joyce, Wilson and Lam","British Columbia",2025-03-31,2026-03-31,91
657,"Gas Detector","Hancock Inc - Martinezbury Site","Hancock Inc",Atlantic,2025-04-01,2026-04-01,90
703,"Emergency Lighting","Henderson-Bernard - Bairdbury Site",Henderson-Bernard,Quebec,2025-04-02,2026-04-02,89
1002,"Exit Sign","Garcia, Humphrey and Baker - Port Erica Site","Garcia, Humphrey and Baker","British Columbia",2025-04-02,2026-04-02,89
1092,"Fire Alarm Panel","Williams-Cook - Crosbyview Site",Williams-Cook,"British Columbia",2025-04-02,2026-04-02,89
209,"Eyewash Station","Romero, Gonzalez and Brooks - East David Site","Romero, Gonzalez and Brooks","British Columbia",2025-04-03,2026-04-03,88
714,"SCBA Unit","Henderson-Bernard - Port Chad Site",Henderson-Bernard,Quebec,2025-04-03,2026-04-03,88
884,"Eyewash Station","Evans, Stewart and Walton - Elizabethmouth Site","Evans, Stewart and Walton",Prairies,2025-04-03,2026-04-03,88
1304,"Gas Detector","Ross LLC - Davisstad Site","Ross LLC",Ontario,2025-04-03,2026-04-03,88
460,"Fire Extinguisher","Jones-Young - East Edwardshire Site",Jones-Young,Ontario,2025-04-04,2026-04-04,87
796,"SCBA Unit","Jones Inc - North Terrance Site","Jones Inc",Quebec,2025-04-04,2026-04-04,87
1075,"Eyewash Station","Williams-Cook - Ellenside Site",Williams-Cook,"British Columbia",2025-04-05,2026-04-05,86
1506,"Fire Alarm Panel","Spencer-Lee - New Williamstad Site",Spencer-Lee,Prairies,2025-04-05,2026-04-05,86
168,"Eyewash Station","Baker, Mason and White - West Nicholasborough Site","Baker, Mason and White",Ontario,2025-04-06,2026-04-06,85
299,"Sprinkler System","Spence PLC - Sanchezmouth Site","Spence PLC",Ontario,2025-04-06,2026-04-06,85
533,"Eyewash Station","Gomez-Jenkins - West Kristin Site",Gomez-Jenkins,Quebec,2025-04-06,2026-04-06,85
667,"Gas Detector","Gray Group - West Andrea Site","Gray Group",Quebec,2025-04-06,2026-04-06,85
1213,"Exit Sign","Dickson-Brady - Boonechester Site",Dickson-Brady,Atlantic,2025-04-06,2026-04-06,85
1026,"Emergency Lighting","Newton and Sons - South Miguelview Site","Newton and Sons",Ontario,2025-04-07,2026-04-07,84
529,"Sprinkler System","Gomez-Jenkins - West Kristin Site",Gomez-Jenkins,Quebec,2025-04-08,2026-04-08,83
774,"Fire Extinguisher","Woods, Calhoun and Schmidt - East Wayneshire Site","Woods, Calhoun and Schmidt",Ontario,2025-04-08,2026-04-08,83
786,"Eyewash Station","Woods, Calhoun and Schmidt - Port Meganville Site","Woods, Calhoun and Schmidt",Ontario,2025-04-08,2026-04-08,83
992,"Fire Alarm Panel","Garcia, Humphrey and Baker - South Sydneyberg Site","Garcia, Humphrey and Baker","British Columbia",2025-04-08,2026-04-08,83
1077,"SCBA Unit","Williams-Cook - Ellenside Site",Williams-Cook,"British Columbia",2025-04-08,2026-04-08,83
438,"Sprinkler System","Jones Inc - North Johnny Site","Jones Inc",Ontario,2025-04-09,2026-04-09,82
671,"Fire Extinguisher","Gray Group - West Andrea Site","Gray Group",Quebec,2025-04-09,2026-04-09,82
979,"Exit Sign","Smith, Montoya and Evans - Mariaview Site","Smith, Montoya and Evans",Atlantic,2025-04-09,2026-04-09,82
1450,"Fire Alarm Panel","Diaz Inc - Charleston Site","Diaz Inc",Atlantic,2025-04-09,2026-04-09,82
1478,"Fire Alarm Panel","Cortez LLC - Richardbury Site","Cortez LLC","British Columbia",2025-04-09,2026-04-09,82
311,"Fire Extinguisher","Spence PLC - Rogersfort Site","Spence PLC",Ontario,2025-04-10,2026-04-10,81
324,"Eyewash Station","Martin, Rose and Obrien - New Stacyland Site","Martin, Rose and Obrien",Atlantic,2025-04-10,2026-04-10,81
682,"Fire Alarm Panel","Gray Group - Lake Marilynfort Site","Gray Group",Quebec,2025-04-10,2026-04-10,81
1226,"Exit Sign","Hancock and Sons - South Jennifermouth Site","Hancock and Sons",Prairies,2025-04-10,2026-04-10,81
106,"Fire Alarm Panel","Frazier Inc - Port Nicoleshire Site","Frazier Inc",Quebec,2025-04-11,2026-04-11,80
489,"SCBA Unit","Johnston, Sanchez and Kennedy - Ashleyton Site","Johnston, Sanchez and Kennedy","British Columbia",2025-04-11,2026-04-11,80
1197,"Sprinkler System","Wright, Garcia and Deleon - New Bradley Site","Wright, Garcia and Deleon",Atlantic,2025-04-11,2026-04-11,80
1277,"SCBA Unit","Torres-Pope - Morganmouth Site",Torres-Pope,Atlantic,2025-04-11,2026-04-11,80
1343,"Emergency Lighting","Rivera, Johnson and Wiley - New Sarahview Site","Rivera, Johnson and Wiley",Quebec,2025-04-11,2026-04-11,80
1359,"Exit Sign","White-Estes - Michaelburgh Site",White-Estes,"British Columbia",2025-04-11,2026-04-11,80
355,"Sprinkler System","Harris, Collins and Carney - West Elizabeth Site","Harris, Collins and Carney","British Columbia",2025-04-13,2026-04-13,78
227,"Fire Extinguisher","Ryan PLC - Port Loriport Site","Ryan PLC",Prairies,2025-04-14,2026-04-14,77
669,"Gas Detector","Gray Group - West Andrea Site","Gray Group",Quebec,2025-04-14,2026-04-14,77
695,"SCBA Unit","House-Glover - Williamview Site",House-Glover,"British Columbia",2025-04-14,2026-04-14,77
762,"SCBA Unit","Daniels, Adkins and Brown - Williamsfort Site","Daniels, Adkins and Brown",Prairies,2025-04-14,2026-04-14,77
552,"Fire Alarm Panel","Powell LLC - East Laurashire Site","Powell LLC",Prairies,2025-04-15,2026-04-15,76
1469,"Sprinkler System","Mccall, Hanson and Alvarado - South Andrewmouth Site","Mccall, Hanson and Alvarado",Ontario,2025-04-15,2026-04-15,76
749,"Eyewash Station","Novak PLC - Gibsonmouth Site","Novak PLC",Prairies,2025-04-16,2026-04-16,75
257,"Gas Detector","Rodriguez LLC - Alexanderchester Site","Rodriguez LLC",Ontario,2025-04-17,2026-04-17,74
1654,"Fire Extinguisher","Hernandez Ltd - Andersonland Site","Hernandez Ltd",Atlantic,2025-04-17,2026-04-17,74
665,"Fire Alarm Panel","Gray Group - West Andrea Site","Gray Group",Quebec,2025-04-18,2026-04-18,73
763,"Fire Alarm Panel","Daniels, Adkins and Brown - Williamsfort Site","Daniels, Adkins and Brown",Prairies,2025-04-18,2026-04-18,73
856,"SCBA Unit","Donovan-Harris - Ryanbury Site",Donovan-Harris,Ontario,2025-04-19,2026-04-19,72
1592,"Gas Detector","Chambers and Sons - North Shannon Site","Chambers and Sons",Ontario,2025-04-19,2026-04-19,72
362,"Gas Detector","Harris, Collins and Carney - Transtad Site","Harris, Collins and Carney","British Columbia",2025-04-20,2026-04-20,71
1531,"Sprinkler System","Mitchell-Jordan - Maldonadoshire Site",Mitchell-Jordan,Prairies,2025-04-20,2026-04-20,71
158,"Exit Sign","Smith-Bowen - Taylormouth Site",Smith-Bowen,"British Columbia",2025-04-21,2026-04-21,70
608,"Sprinkler System","Williams PLC - Port Eugenechester Site","Williams PLC",Ontario,2025-04-22,2026-04-22,69
337,"Emergency Lighting","Martin, Rose and Obrien - Freemanbury Site","Martin, Rose and Obrien",Atlantic,2025-04-23,2026-04-23,68
1461,"Sprinkler System","Mccall, Hanson and Alvarado - South Samanthamouth Site","Mccall, Hanson and Alvarado",Ontario,2025-04-23,2026-04-23,68
1049,"Fire Alarm Panel","Harris-Walters - Lake Madisonport Site",Harris-Walters,Quebec,2025-04-24,2026-04-24,67
1655,"Fire Alarm Panel","Stafford Inc - Schneidermouth Site","Stafford Inc",Prairies,2025-04-24,2026-04-24,67
380,"Fire Extinguisher","Brooks, Lam and Hayes - Johnville Site","Brooks, Lam and Hayes","British Columbia",2025-04-25,2026-04-25,66
1193,"Gas Detector","Nolan and Sons - Lake Brycemouth Site","Nolan and Sons","British Columbia",2025-04-25,2026-04-25,66
1446,"Fire Alarm Panel","Mcdaniel, Bentley and Mclaughlin - South Amanda Site","Mcdaniel, Bentley and Mclaughlin",Atlantic,2025-04-25,2026-04-25,66
397,"Fire Extinguisher","Walker LLC - Tinaborough Site","Walker LLC",Ontario,2025-04-26,2026-04-26,65
1534,"Gas Detector","Mitchell-Jordan - Maldonadoshire Site",Mitchell-Jordan,Prairies,2025-04-26,2026-04-26,65
507,"Gas Detector","Johnston, Sanchez and Kennedy - East Johnside Site","Johnston, Sanchez and Kennedy","British Columbia",2025-04-27,2026-04-27,64
520,"SCBA Unit","Lee-Davis - Carterbury Site",Lee-Davis,"British Columbia",2025-04-27,2026-04-27,64
842,"Eyewash Station","Sandoval-Cunningham - Lake Kevin Site",Sandoval-Cunningham,Ontario,2025-04-27,2026-04-27,64
1518,"Sprinkler System","Bentley, Byrd and Orr - East Carrie Site","Bentley, Byrd and Orr",Atlantic,2025-04-27,2026-04-27,64
23,"Emergency Lighting","Ryan, Burgess and Patterson - Stephaniemouth Site","Ryan, Burgess and Patterson",Ontario,2025-04-28,2026-04-28,63
163,"Emergency Lighting","Smith-Bowen - Taylormouth Site",Smith-Bowen,"British Columbia",2025-04-28,2026-04-28,63
385,"Exit Sign","Brooks, Lam and Hayes - West David Site","Brooks, Lam and Hayes","British Columbia",,2026-04-28,63
497,"Fire Extinguisher","Johnston, Sanchez and Kennedy - Port Jaredborough Site","Johnston, Sanchez and Kennedy","British Columbia",2025-04-28,2026-04-28,63
1495,"Gas Detector","Cortez LLC - Warrenfurt Site","Cortez LLC","British Columbia",2025-04-28,2026-04-28,63
137,"Fire Alarm Panel","Rodriguez-Graham - Johnsonmouth Site",Rodriguez-Graham,Atlantic,2025-04-29,2026-04-29,62
575,"Exit Sign","Wright and Sons - Cassandratown Site","Wright and Sons",Ontario,2025-04-29,2026-04-29,62
584,"Emergency Lighting","West, Henderson and Ramirez - Lake Mary Site","West, Henderson and Ramirez",Ontario,2025-04-29,2026-04-29,62
1402,"SCBA Unit","Chandler-Edwards - Perryborough Site",Chandler-Edwards,Ontario,2025-04-30,2026-04-30,61
86,"Sprinkler System","Ferrell, Rice and Maddox - Perryborough Site","Ferrell, Rice and Maddox",Quebec,2025-05-01,2026-05-01,60
281,"SCBA Unit","Arroyo, Miller and Tucker - Marshallshire Site","Arroyo, Miller and Tucker",Prairies,2025-05-01,2026-05-01,60
417,"Exit Sign","Robinson, Jones and Welch - Heidiberg Site","Robinson, Jones and Welch",Quebec,2025-05-01,2026-05-01,60
912,"Fire Alarm Panel","Ferrell, Jones and Lewis - Armstrongshire Site","Ferrell, Jones and Lewis",Quebec,2025-05-01,2026-05-01,60
1559,"Fire Extinguisher","Lewis, Kennedy and Santana - Johnsonstad Site","Lewis, Kennedy and Santana",Atlantic,2025-05-01,2026-05-01,60
794,"Exit Sign","Jones Inc - North Terrance Site","Jones Inc",Quebec,2025-05-02,2026-05-02,59
1482,"Eyewash Station","Cortez LLC - Richardbury Site","Cortez LLC","British Columbia",2025-05-02,2026-05-02,59
189,"Fire Extinguisher","Harrell LLC - Lake Amberstad Site","Harrell LLC",Quebec,2025-05-03,2026-05-03,58
589,"Fire Extinguisher","West, Henderson and Ramirez - Port Katelynfort Site","West, Henderson and Ramirez",Ontario,2025-05-03,2026-05-03,58
830,"Eyewash Station","Sandoval-Cunningham - South Tiffanyville Site",Sandoval-Cunningham,Ontario,2025-05-03,2026-05-03,58
1032,"Eyewash Station","Campbell-Clark - Carsonstad Site",Campbell-Clark,Quebec,2025-05-03,2026-05-03,58
1427,"Gas Detector","Scott Ltd - East Kevinborough Site","Scott Ltd","British Columbia",2025-05-03,2026-05-03,58
46,"Emergency Lighting","Snyder, Campos and Callahan - Karenview Site","Snyder, Campos and Callahan","British Columbia",2025-05-04,2026-05-04,57
1080,"Emergency Lighting","Williams-Cook - Ellenside Site",Williams-Cook,"British Columbia",2025-05-04,2026-05-04,57
1285,"Fire Alarm Panel","Torres-Pope - Blairmouth Site",Torres-Pope,Atlantic,2025-05-05,2026-05-05,56
310,"SCBA Unit","Spence PLC - Rogersfort Site","Spence PLC",Ontario,2025-05-06,2026-05-06,55
711,"Fire Extinguisher","Henderson-Bernard - South James Site",Henderson-Bernard,Quebec,2025-05-07,2026-05-07,54
760,"SCBA Unit","Daniels, Adkins and Brown - Williamsfort Site","Daniels, Adkins and Brown",Prairies,2025-05-07,2026-05-07,54
1037,"Exit Sign","Harris-Walters - South Angel Site",Harris-Walters,Quebec,2025-05-09,2026-05-09,52
1241,"Sprinkler System","Patton-Jenkins - Claudiashire Site",Patton-Jenkins,"British Columbia",2025-05-09,2026-05-09,52
1219,"Fire Alarm Panel","Dickson-Brady - Boonechester Site",Dickson-Brady,Atlantic,2025-05-11,2026-05-11,50
1348,"Fire Extinguisher","Rivera, Johnson and Wiley - West Jacqueline Site","Rivera, Johnson and Wiley",Quebec,2025-05-11,2026-05-11,50
1610,"SCBA Unit","Hernandez Inc - Warrenburgh Site","Hernandez Inc","British Columbia",2025-05-11,2026-05-11,50
810,"Fire Alarm Panel","Hensley, Powell and David - Port Markside Site","Hensley, Powell and David",Quebec,2025-05-12,2026-05-12,49
962,"Fire Extinguisher","Turner, Riggs and Roman - Julieburgh Site","Turner, Riggs and Roman",Quebec,2025-05-12,2026-05-12,49
289,"Fire Alarm Panel","Arroyo, Miller and Tucker - Melissaland Site","Arroyo, Miller and Tucker",Prairies,2025-05-13,2026-05-13,48
605,"Sprinkler System","Williams PLC - Baileymouth Site","Williams PLC",Ontario,,2026-05-14,47
1088,"Sprinkler System","Williams-Cook - Crosbyview Site",Williams-Cook,"British Columbia",2025-05-14,2026-05-14,47
1209,"Fire Extinguisher","Wright, Garcia and Deleon - Stephentown Site","Wright, Garcia and Deleon",Atlantic,2025-05-14,2026-05-14,47
1286,"Eyewash Station","Torres-Pope - Blairmouth Site",Torres-Pope,Atlantic,2025-05-14,2026-05-14,47
1317,"Fire Extinguisher","Rasmussen LLC - Elizabethchester Site","Rasmussen LLC",Atlantic,2025-05-14,2026-05-14,47
1445,"Fire Alarm Panel","Mcdaniel, Bentley and Mclaughlin - South Amanda Site","Mcdaniel, Bentley and Mclaughlin",Atlantic,2025-05-14,2026-05-14,47
1551,"Eyewash Station","Lawson, Morris and Ramos - Laurashire Site","Lawson, Morris and Ramos",Quebec,2025-05-14,2026-05-14,47
228,"Eyewash Station","Ryan PLC - Port Loriport Site","Ryan PLC",Prairies,2025-05-15,2026-05-15,46
755,"Emergency Lighting","Daniels, Adkins and Brown - New Patrick Site","Daniels, Adkins and Brown",Prairies,2025-05-15,2026-05-15,46
1120,"Emergency Lighting","Figueroa PLC - Port Madisonland Site","Figueroa PLC",Quebec,2025-05-15,2026-05-15,46
1156,"Emergency Lighting","Mckee, Gardner and Davenport - East Amber Site","Mckee, Gardner and Davenport",Prairies,2025-05-15,2026-05-15,46
1602,"Gas Detector","Chambers and Sons - Toniland Site","Chambers and Sons",Ontario,2025-05-15,2026-05-15,46
543,"SCBA Unit","Brown, Valdez and Lucas - South Danny Site","Brown, Valdez and Lucas",Atlantic,2025-05-16,2026-05-16,45
1383,"Exit Sign","Johnson-Carlson - West Larry Site",Johnson-Carlson,"British Columbia",2025-05-16,2026-05-16,45
1388,"SCBA Unit","Chandler-Edwards - North Ericton Site",Chandler-Edwards,Ontario,2025-05-16,2026-05-16,45
1573,"Fire Extinguisher","Jackson, Miller and Robertson - Fordside Site","Jackson, Miller and Robertson",Quebec,2025-05-16,2026-05-16,45
1575,"Fire Alarm Panel","Jackson, Miller and Robertson - Fordside Site","Jackson, Miller and Robertson",Quebec,2025-05-16,2026-05-16,45
376,"Exit Sign","Brooks, Lam and Hayes - Johnville Site","Brooks, Lam and Hayes","British Columbia",2025-05-17,2026-05-17,44
392,"Gas Detector","Walker LLC - Jennyhaven Site","Walker LLC",Ontario,2025-05-17,2026-05-17,44
554,"Sprinkler System","Powell LLC - East Laurashire Site","Powell LLC",Prairies,2025-05-17,2026-05-17,44
1552,"SCBA Unit","Lawson, Morris and Ramos - Laurashire Site","Lawson, Morris and Ramos",Quebec,2025-05-17,2026-05-17,44
1349,"Sprinkler System","Rivera, Johnson and Wiley - West Jacqueline Site","Rivera, Johnson and Wiley",Quebec,,2026-05-18,43
138,"Eyewash Station","Rodriguez-Graham - Johnsonmouth Site",Rodriguez-Graham,Atlantic,2025-05-19,2026-05-19,42
283,"Fire Alarm Panel","Arroyo, Miller and Tucker - Marshallshire Site","Arroyo, Miller and Tucker",Prairies,2025-05-19,2026-05-19,42
1146,"Eyewash Station","Patterson, Smith and Jones - Kimtown Site","Patterson, Smith and Jones",Quebec,2025-05-19,2026-05-19,42
90,"Fire Alarm Panel","Ferrell, Rice and Maddox - Perryborough Site","Ferrell, Rice and Maddox",Quebec,2025-05-20,2026-05-20,41
474,"SCBA Unit","Washington, Ryan and Cummings - Evansshire Site","Washington, Ryan and Cummings",Quebec,2025-05-20,2026-05-20,41
650,"Sprinkler System","Hancock Inc - West Samuel Site","Hancock Inc",Atlantic,2025-05-20,2026-05-20,41
859,"Eyewash Station","Donovan-Harris - Knightburgh Site",Donovan-Harris,Ontario,2025-05-20,2026-05-20,41
1183,"Exit Sign","Nolan and Sons - Brianchester Site","Nolan and Sons","British Columbia",2025-05-20,2026-05-20,41
630,"Eyewash Station","Russell Group - Gutierrezborough Site","Russell Group",Atlantic,2025-05-21,2026-05-21,40
1322,"Gas Detector","Rasmussen LLC - Parrishton Site","Rasmussen LLC",Atlantic,2025-05-21,2026-05-21,40
1418,"Emergency Lighting","Joyce, Wilson and Lam - Roseport Site","Joyce, Wilson and Lam","British Columbia",2025-05-21,2026-05-21,40
235,"SCBA Unit","Ryan PLC - West Barbarafurt Site","Ryan PLC",Prairies,2025-05-22,2026-05-22,39
511,"Eyewash Station","Lee-Davis - North Ricky Site",Lee-Davis,"British Columbia",2025-05-22,2026-05-22,39
452,"Fire Alarm Panel","Jones-Young - Port Cameronfort Site",Jones-Young,Ontario,2025-05-24,2026-05-24,37
558,"Fire Alarm Panel","Powell LLC - East Laurashire Site","Powell LLC",Prairies,2025-05-24,2026-05-24,37
618,"Fire Alarm Panel","Novak and Sons - South Christopherview Site","Novak and Sons",Quebec,2025-05-24,2026-05-24,37
727,"Fire Extinguisher","Stanley, Tucker and Lee - West Jessicashire Site","Stanley, Tucker and Lee",Quebec,2025-05-24,2026-05-24,37
1526,"Emergency Lighting","Carroll, Sullivan and Bass - East Stephaniefort Site","Carroll, Sullivan and Bass",Atlantic,2025-05-24,2026-05-24,37
220,"Gas Detector","Romero, Gonzalez and Brooks - New Staciemouth Site","Romero, Gonzalez and Brooks","British Columbia",2025-05-25,2026-05-25,36
1102,"Fire Extinguisher","Walsh LLC - Corystad Site","Walsh LLC",Atlantic,2025-05-25,2026-05-25,36
601,"SCBA Unit","Morton-Chase - Waltersfort Site",Morton-Chase,"British Columbia",2025-05-26,2026-05-26,35
642,"Emergency Lighting","Hancock Inc - Wolfborough Site","Hancock Inc",Atlantic,2025-05-26,2026-05-26,35
648,"Fire Alarm Panel","Hancock Inc - Wolfborough Site","Hancock Inc",Atlantic,2025-05-26,2026-05-26,35
1444,"Emergency Lighting","Mcdaniel, Bentley and Mclaughlin - South Amanda Site","Mcdaniel, Bentley and Mclaughlin",Atlantic,2025-05-26,2026-05-26,35
112,"Emergency Lighting","Frazier Inc - Smithstad Site","Frazier Inc",Quebec,2025-05-27,2026-05-27,34
907,"Sprinkler System","Smith PLC - Castanedaville Site","Smith PLC",Quebec,2025-05-27,2026-05-27,34
251,"SCBA Unit","George Group - Stanleyland Site","George Group","British Columbia",2025-05-28,2026-05-28,33
307,"Gas Detector","Spence PLC - Rogersfort Site","Spence PLC",Ontario,2025-05-28,2026-05-28,33
860,"SCBA Unit","Donovan-Harris - Knightburgh Site",Donovan-Harris,Ontario,2025-05-28,2026-05-28,33
1215,"SCBA Unit","Dickson-Brady - Boonechester Site",Dickson-Brady,Atlantic,2025-05-28,2026-05-28,33
1435,"Fire Extinguisher","Smith-Frost - North Tylerchester Site",Smith-Frost,Prairies,2025-05-28,2026-05-28,33
985,"Sprinkler System","Smith, Montoya and Evans - Juliemouth Site","Smith, Montoya and Evans",Atlantic,2025-05-29,2026-05-29,32
1123,"Sprinkler System","Figueroa PLC - Port Madisonland Site","Figueroa PLC",Quebec,2025-05-29,2026-05-29,32
1266,"Sprinkler System","Gonzalez Group - Port Dianaside Site","Gonzalez Group",Atlantic,2025-05-29,2026-05-29,32
1627,"Emergency Lighting","Gibson Ltd - Erikaton Site","Gibson Ltd",Quebec,2025-05-29,2026-05-29,32
348,"SCBA Unit","Hickman Ltd - North Kellyfurt Site","Hickman Ltd",Quebec,2025-05-30,2026-05-30,31
424,"Fire Extinguisher","Robinson, Jones and Welch - Garciatown Site","Robinson, Jones and Welch",Quebec,2025-05-30,2026-05-30,31
887,"Exit Sign","Evans, Stewart and Walton - Elizabethmouth Site","Evans, Stewart and Walton",Prairies,2025-05-30,2026-05-30,31
1021,"Fire Extinguisher","Newton and Sons - South Miguelview Site","Newton and Sons",Ontario,2025-05-30,2026-05-30,31
1125,"Fire Extinguisher","Figueroa PLC - Lake Danielle Site","Figueroa PLC",Quebec,2025-05-30,2026-05-30,31
1400,"Exit Sign","Chandler-Edwards - Perryborough Site",Chandler-Edwards,Ontario,2025-05-31,2026-05-31,30
1673,"Eyewash Station","Stafford Inc - West Kyleborough Site","Stafford Inc",Prairies,2025-05-31,2026-05-31,30
201,"Emergency Lighting","Harrell LLC - Port Susanton Site","Harrell LLC",Quebec,2025-06-01,2026-06-01,29
694,"Fire Alarm Panel","House-Glover - Williamview Site",House-Glover,"British Columbia",2025-06-01,2026-06-01,29
1381,"Exit Sign","Johnson-Carlson - South Robert Site",Johnson-Carlson,"British Columbia",2025-06-01,2026-06-01,29
1586,"Fire Alarm Panel","Harvey, Davis and Crane - West Cassidy Site","Harvey, Davis and Crane",Prairies,2025-06-01,2026-06-01,29
1629,"Exit Sign","Gibson Ltd - Erikaton Site","Gibson Ltd",Quebec,2025-06-01,2026-06-01,29
1230,"Exit Sign","Johnson-Doyle - West Charleneland Site",Johnson-Doyle,"British Columbia",2025-06-02,2026-06-02,28
1336,"Exit Sign","Rivera, Johnson and Wiley - Audreychester Site","Rivera, Johnson and Wiley",Quebec,2025-06-02,2026-06-02,28
1356,"Fire Extinguisher","White-Estes - Michaelburgh Site",White-Estes,"British Columbia",2025-06-02,2026-06-02,28
219,"Gas Detector","Romero, Gonzalez and Brooks - New Staciemouth Site","Romero, Gonzalez and Brooks","British Columbia",2025-06-03,2026-06-03,27
974,"Exit Sign","Smith, Montoya and Evans - Mariaview Site","Smith, Montoya and Evans",Atlantic,2025-06-03,2026-06-03,27
1082,"Gas Detector","Williams-Cook - South Diana Site",Williams-Cook,"British Columbia",2025-06-03,2026-06-03,27
1153,"Sprinkler System","Patterson, Smith and Jones - Kimtown Site","Patterson, Smith and Jones",Quebec,2025-06-03,2026-06-03,27
1500,"Exit Sign","Spencer-Lee - New Williamstad Site",Spencer-Lee,Prairies,,2026-06-03,27
1581,"Exit Sign","Jackson, Miller and Robertson - South Reginashire Site","Jackson, Miller and Robertson",Quebec,2025-06-04,2026-06-04,26
338,"Eyewash Station","Hickman Ltd - Brewerfort Site","Hickman Ltd",Quebec,2025-06-05,2026-06-05,25
22,"Emergency Lighting","Ryan, Burgess and Patterson - Stephaniemouth Site","Ryan, Burgess and Patterson",Ontario,2025-06-06,2026-06-06,24
571,"SCBA Unit","Wright and Sons - Kimton Site","Wright and Sons",Ontario,2025-06-06,2026-06-06,24
1083,"Fire Extinguisher","Williams-Cook - South Diana Site",Williams-Cook,"British Columbia",2025-06-06,2026-06-06,24
459,"Eyewash Station","Jones-Young - East Edwardshire Site",Jones-Young,Ontario,2025-06-07,2026-06-07,23
1048,"SCBA Unit","Harris-Walters - Rosebury Site",Harris-Walters,Quebec,2025-06-07,2026-06-07,23
1195,"Emergency Lighting","Nolan and Sons - Williamville Site","Nolan and Sons","British Columbia",2025-06-07,2026-06-07,23
101,"Fire Alarm Panel","Frazier Inc - Port Nicoleshire Site","Frazier Inc",Quebec,2025-06-08,2026-06-08,22
173,"Exit Sign","Baker, Mason and White - West Nicholasborough Site","Baker, Mason and White",Ontario,2025-06-08,2026-06-08,22
226,"Fire Alarm Panel","Ryan PLC - Port Loriport Site","Ryan PLC",Prairies,2025-06-08,2026-06-08,22
396,"SCBA Unit","Walker LLC - Tinaborough Site","Walker LLC",Ontario,2025-06-08,2026-06-08,22
833,"Fire Extinguisher","Sandoval-Cunningham - South Tiffanyville Site",Sandoval-Cunningham,Ontario,2025-06-08,2026-06-08,22
1034,"Gas Detector","Campbell-Clark - Carsonstad Site",Campbell-Clark,Quebec,2025-06-08,2026-06-08,22
1607,"Exit Sign","Hernandez Inc - Warrenburgh Site","Hernandez Inc","British Columbia",2025-06-08,2026-06-08,22
1097,"Fire Alarm Panel","Walsh LLC - Jeffmouth Site","Walsh LLC",Atlantic,2025-06-09,2026-06-09,21
1112,"Fire Extinguisher","Walsh LLC - Bruceview Site","Walsh LLC",Atlantic,2025-06-10,2026-06-10,20
1488,"Fire Extinguisher","Cortez LLC - Warrenfurt Site","Cortez LLC","British Columbia",2025-06-10,2026-06-10,20
356,"Eyewash Station","Harris, Collins and Carney - West Elizabeth Site","Harris, Collins and Carney","British Columbia",2025-06-11,2026-06-11,19
541,"Exit Sign","Brown, Valdez and Lucas - South Danny Site","Brown, Valdez and Lucas",Atlantic,2025-06-11,2026-06-11,19
583,"SCBA Unit","West, Henderson and Ramirez - Lake Mary Site","West, Henderson and Ramirez",Ontario,2025-06-11,2026-06-11,19
898,"Gas Detector","Evans, Stewart and Walton - Daniellechester Site","Evans, Stewart and Walton",Prairies,2025-06-11,2026-06-11,19
1064,"Exit Sign","Davis Group - Wendyville Site","Davis Group","British Columbia",2025-06-11,2026-06-11,19
1300,"Exit Sign","Ross LLC - Davisstad Site","Ross LLC",Ontario,,2026-06-11,19
2,"Exit Sign","Ellis, Baker and Wright - Robinsonhaven Site","Ellis, Baker and Wright",Atlantic,2025-06-12,2026-06-12,18
274,"Fire Extinguisher","Allen-Allen - Christinaside Site",Allen-Allen,Atlantic,2025-06-13,2026-06-13,17
499,"Gas Detector","Johnston, Sanchez and Kennedy - Port Jaredborough Site","Johnston, Sanchez and Kennedy","British Columbia",2025-06-13,2026-06-13,17
886,"Sprinkler System","Evans, Stewart and Walton - Elizabethmouth Site","Evans, Stewart and Walton",Prairies,2025-06-13,2026-06-13,17
821,"SCBA Unit","Hensley, Powell and David - Courtneyfort Site","Hensley, Powell and David",Quebec,2025-06-14,2026-06-14,16
1043,"Fire Alarm Panel","Harris-Walters - South Angel Site",Harris-Walters,Quebec,2025-06-14,2026-06-14,16
1517,"SCBA Unit","Bentley, Byrd and Orr - East Carrie Site","Bentley, Byrd and Orr",Atlantic,2025-06-14,2026-06-14,16
1542,"Exit Sign","Lawson, Morris and Ramos - Michellemouth Site","Lawson, Morris and Ramos",Quebec,2025-06-14,2026-06-14,16
1644,"Emergency Lighting","Lee, Horton and Snyder - Mitchellberg Site","Lee, Horton and Snyder",Ontario,2025-06-15,2026-06-15,15
715,"Emergency Lighting","Henderson-Bernard - Port Chad Site",Henderson-Bernard,Quebec,2025-06-16,2026-06-16,14
1437,"Fire Alarm Panel","Smith-Frost - North Tylerchester Site",Smith-Frost,Prairies,2025-06-16,2026-06-16,14
25,"SCBA Unit","Ryan, Burgess and Patterson - Stephaniemouth Site","Ryan, Burgess and Patterson",Ontario,2025-06-17,2026-06-17,13
916,"Sprinkler System","Ferrell, Jones and Lewis - Andrewfurt Site","Ferrell, Jones and Lewis",Quebec,,2026-06-17,13
1149,"Fire Alarm Panel","Patterson, Smith and Jones - Kimtown Site","Patterson, Smith and Jones",Quebec,2025-06-17,2026-06-17,13
295,"Sprinkler System","Spence PLC - Sanchezmouth Site","Spence PLC",Ontario,2025-06-18,2026-06-18,12
381,"Gas Detector","Brooks, Lam and Hayes - West David Site","Brooks, Lam and Hayes","British Columbia",2025-06-18,2026-06-18,12
498,"Emergency Lighting","Johnston, Sanchez and Kennedy - Port Jaredborough Site","Johnston, Sanchez and Kennedy","British Columbia",2025-06-18,2026-06-18,12
1580,"Gas Detector","Jackson, Miller and Robertson - South Reginashire Site","Jackson, Miller and Robertson",Quebec,2025-06-18,2026-06-18,12
229,"Exit Sign","Ryan PLC - Port Loriport Site","Ryan PLC",Prairies,2025-06-19,2026-06-19,11
661,"Eyewash Station","Hancock Inc - Martinezbury Site","Hancock Inc",Atlantic,2025-06-20,2026-06-20,10
779,"Fire Alarm Panel","Woods, Calhoun and Schmidt - Port Meganville Site","Woods, Calhoun and Schmidt",Ontario,2025-06-20,2026-06-20,10
1391,"Sprinkler System","Chandler-Edwards - North Ericton Site",Chandler-Edwards,Ontario,2025-06-20,2026-06-20,10
750,"Fire Alarm Panel","Novak PLC - Gibsonmouth Site","Novak PLC",Prairies,2025-06-21,2026-06-21,9
1268,"Emergency Lighting","Gonzalez Group - Port Dianaside Site","Gonzalez Group",Atlantic,2025-06-21,2026-06-21,9
1433,"Gas Detector","Smith-Frost - Port Jonathan Site",Smith-Frost,Prairies,2025-06-21,2026-06-21,9
199,"Fire Alarm Panel","Harrell LLC - Port Susanton Site","Harrell LLC",Quebec,2025-06-22,2026-06-22,8
743,"Sprinkler System","Novak PLC - Reedside Site","Novak PLC",Prairies,2025-06-22,2026-06-22,8
1557,"Fire Extinguisher","Lewis, Kennedy and Santana - Williamport Site","Lewis, Kennedy and Santana",Atlantic,2025-06-22,2026-06-22,8
756,"Fire Alarm Panel","Daniels, Adkins and Brown - New Patrick Site","Daniels, Adkins and Brown",Prairies,2025-06-23,2026-06-23,7
1259,"Fire Extinguisher","Rodriguez, Brennan and Garrison - Wagnerchester Site","Rodriguez, Brennan and Garrison",Ontario,2025-06-23,2026-06-23,7
335,"Eyewash Station","Martin, Rose and Obrien - Freemanbury Site","Martin, Rose and Obrien",Atlantic,2025-06-24,2026-06-24,6
731,"Sprinkler System","Stanley, Tucker and Lee - West Jessicashire Site","Stanley, Tucker and Lee",Quebec,2025-06-24,2026-06-24,6
775,"Gas Detector","Woods, Calhoun and Schmidt - East Wayneshire Site","Woods, Calhoun and Schmidt",Ontario,2025-06-24,2026-06-24,6
997,"Fire Extinguisher","Garcia, Humphrey and Baker - South Sydneyberg Site","Garcia, Humphrey and Baker","British Columbia",2025-06-24,2026-06-24,6
1352,"Emergency Lighting","Rivera, Johnson and Wiley - West Jacqueline Site","Rivera, Johnson and Wiley",Quebec,2025-06-24,2026-06-24,6
444,"Fire Alarm Panel","Jones Inc - North Johnny Site","Jones Inc",Ontario,2025-06-25,2026-06-25,5
1456,"Fire Extinguisher","Diaz Inc - Charleston Site","Diaz Inc",Atlantic,2025-06-25,2026-06-25,5
508,"SCBA Unit","Johnston, Sanchez and Kennedy - East Johnside Site","Johnston, Sanchez and Kennedy","British Columbia",2025-06-26,2026-06-26,4
512,"Sprinkler System","Lee-Davis - North Ricky Site",Lee-Davis,"British Columbia",2025-06-27,2026-06-27,3
640,"Sprinkler System","Hancock Inc - Wolfborough Site","Hancock Inc",Atlantic,2025-06-27,2026-06-27,3
1323,"Gas Detector","Rasmussen LLC - Parrishton Site","Rasmussen LLC",Atlantic,2025-06-27,2026-06-27,3
286,"Gas Detector","Arroyo, Miller and Tucker - Marshallshire Site","Arroyo, Miller and Tucker",Prairies,2025-06-28,2026-06-28,2
893,"Eyewash Station","Evans, Stewart and Walton - North Scott Site","Evans, Stewart and Walton",Prairies,2025-06-28,2026-06-28,2
964,"Exit Sign","Smith, Montoya and Evans - Port Amber Site","Smith, Montoya and Evans",Atlantic,2025-06-28,2026-06-28,2
982,"SCBA Unit","Smith, Montoya and Evans - Juliemouth Site","Smith, Montoya and Evans",Atlantic,2025-06-28,2026-06-28,2
1263,"Sprinkler System","Gonzalez Group - Port Dianaside Site","Gonzalez Group",Atlantic,2025-06-28,2026-06-28,2
73,"Exit Sign","Carlson-Cruz - East Patrick Site",Carlson-Cruz,Prairies,2025-06-29,2026-06-29,1
126,"Emergency Lighting","Dyer, Potter and Mack - Castanedachester Site","Dyer, Potter and Mack","British Columbia",2025-06-29,2026-06-29,1
190,"Sprinkler System","Harrell LLC - Lake Amberstad Site","Harrell LLC",Quebec,2025-06-29,2026-06-29,1
405,"Eyewash Station","Chapman and Sons - West Harry Site","Chapman and Sons",Atlantic,2025-06-29,2026-06-29,1
576,"Fire Alarm Panel","Wright and Sons - Cassandratown Site","Wright and Sons",Ontario,2025-06-29,2026-06-29,1
643,"Exit Sign","Hancock Inc - Wolfborough Site","Hancock Inc",Atlantic,2025-06-29,2026-06-29,1
934,"Exit Sign","Suarez LLC - New Laurie Site","Suarez LLC",Atlantic,2025-06-29,2026-06-29,1
1264,"SCBA Unit","Gonzalez Group - Port Dianaside Site","Gonzalez Group",Atlantic,2025-06-29,2026-06-29,1
1392,"Sprinkler System","Chandler-Edwards - North Ericton Site",Chandler-Edwards,Ontario,2025-06-29,2026-06-29,1
